owner_name,portfolio_size,total_market_value,owner_address,mailing_address,entity_type,is_investor_entity,has_investor_name,has_po_box,has_business_address,portfolio_category,is_portfolio_investor,sample_properties,absentee_ratio,investor_score,investor_tier,score_reasons,tier_description
BHM SKYTOP TH LLC,284,0,1429 KING AVECOLUMBUS OH 43212,BHM SKYTOP TH LLC 1429 KING AVECOLUMBUS OH 43212,llc,True,False,False,False,institutional,True,"['5280 104 BEECHMONT AVE', '5280 105 BEECHMONT AVE', '5280 106 BEECHMONT AVE', '5280 107 BEECHMONT AVE', '5280 108 BEECHMONT AVE']",1.0,70,tier_2,LLC entity (high investor probability); Institutional investor (284 properties); 80%+ properties are absentee-owned,Probable Investor - Strong prospect
LEES CROSSING LLC,276,0,,,llc,True,False,False,False,institutional,True,"['5355 LEES CROSSING DR', '5355 LEES CROSSING DR', '5355 LEES CROSSING DR', '5355 LEES CROSSING DR', '5355 LEES CROSSING DR']",1.0,70,tier_2,LLC entity (high investor probability); Institutional investor (276 properties); 80%+ properties are absentee-owned,Probable Investor - Strong prospect
MEYER MANAGEMENT INC,88,0,,,corporation,True,False,False,False,institutional,True,"['1233 NEFF AVE', '648 DELHI AVE', '752 DELHI AVE', '750 DELHI AVE', '748 DELHI AVE']",1.0,67,tier_2,Corporation (likely investor); Institutional investor (88 properties); 80%+ properties are absentee-owned,Probable Investor - Strong prospect
LMRK OWNER I LLC,83,0,,,llc,True,False,False,False,institutional,True,"['6095 WAYSIDE CT', '2330 W MCMICKEN AVE', '5242 NEWFIELD AVE', '6426 HILLSIDE AVE', 'HILLSIDE AVE']",1.0,70,tier_2,LLC entity (high investor probability); Institutional investor (83 properties); 80%+ properties are absentee-owned,Probable Investor - Strong prospect
LOT KING LIMITED PARTNERSHIP,69,0,,,partnership,True,False,False,False,institutional,True,"['5805 BERTE ST', '5804 PANAMA AVE', '167 RENSLAR AVE', '245 DELTA AVE', '241 DELTA AVE']",1.0,65,tier_2,Partnership (likely investor); Institutional investor (69 properties); 80%+ properties are absentee-owned,Probable Investor - Strong prospect
PENNSYLVANIA LINES LLC,65,0,,,llc,True,False,False,False,institutional,True,"[nan, nan, 'SIXTY-NINTH ST', 'SIXTY-NINTH ST', nan]",1.0,70,tier_2,LLC entity (high investor probability); Institutional investor (65 properties); 80%+ properties are absentee-owned,Probable Investor - Strong prospect
TENNYSON HOMEOWN ASSOC INC C/O MANAGEMENT PLUS,47,0,,,corporation,True,False,False,False,institutional,True,"['TENNYSON DR', 'TENNYSON DR', 'TENNYSON DR', 'TENNYSON DR', 'LORD ALFRED CT']",1.0,67,tier_2,Corporation (likely investor); Institutional investor (47 properties); 80%+ properties are absentee-owned,Probable Investor - Strong prospect
HILL COUNTRY LTD,36,0,,,partnership,True,False,False,False,institutional,True,"['5111 ROANOKE ST', '5214 ROANOKE ST', '2876 RIVER RD', '3984 HILLSIDE AVE', '2874 RIVER RD']",1.0,65,tier_2,Partnership (likely investor); Institutional investor (36 properties); 80%+ properties are absentee-owned,Probable Investor - Strong prospect
BLOC MINISTRIES INC,34,0,,,corporation,True,False,False,False,institutional,True,"['715 STATE AVE', '717 NEAVE ST', '718 STATE AVE', '2162 STAEBLER ST', '714 NEAVE ST']",1.0,67,tier_2,Corporation (likely investor); Institutional investor (34 properties); 80%+ properties are absentee-owned,Probable Investor - Strong prospect
LA VENTURA LLC,32,0,,,llc,True,False,False,False,institutional,True,"['1729 HEWITT AVE', '3614 EVANSTON AVE', '3621 NEWTON AVE', '3617 NEWTON AVE', '3620 IDLEWILD AVE']",1.0,70,tier_2,LLC entity (high investor probability); Institutional investor (32 properties); 80%+ properties are absentee-owned,Probable Investor - Strong prospect
LRE 2 LLC,32,0,,,llc,True,False,False,False,institutional,True,"['4703 STEWART AVE', '1202 FRANKLIN AVE', '954 MCPHERSON AVE', '1120 WINFIELD AVE', '1238 MCKEONE AVE']",1.0,70,tier_2,LLC entity (high investor probability); Institutional investor (32 properties); 80%+ properties are absentee-owned,Probable Investor - Strong prospect
LITTLE MIAMI INC,29,0,,,corporation,True,False,False,False,institutional,True,"['EAGLESRIDGE LN', 'ROUND BOTTOM RD', 'ROUND BOTTOM RD', 'RIVERSIDE RD', 'RIVERSIDE RD']",1.0,67,tier_2,Corporation (likely investor); Institutional investor (29 properties); 80%+ properties are absentee-owned,Probable Investor - Strong prospect
MAJESTIC APARTMENTS LLC,28,0,,,llc,True,False,False,False,institutional,True,"['231 101 OAK ST', '231 102 OAK ST', '231 103 OAK ST', '231 104 OAK ST', '231 105 OAK ST']",1.0,70,tier_2,LLC entity (high investor probability); Institutional investor (28 properties); 80%+ properties are absentee-owned,Probable Investor - Strong prospect
KMA WESTSIDE DEVELOPMENT INC,27,0,,,corporation,True,False,False,False,institutional,True,"['BARNBOUGLE DR', 'BARNBOUGLE DR', 'BARNBOUGLE DR', 'DONEGAL DR', 'DONEGAL DR']",1.0,67,tier_2,Corporation (likely investor); Institutional investor (27 properties); 80%+ properties are absentee-owned,Probable Investor - Strong prospect
LRE 1 LLC,26,0,,,llc,True,False,False,False,institutional,True,"['581 BLAIR AVE', '544 STEWART PL', '6531 PARKLAND AVE', '1253 HENKEL DR', '1128 MANSION AVE']",1.0,70,tier_2,LLC entity (high investor probability); Institutional investor (26 properties); 80%+ properties are absentee-owned,Probable Investor - Strong prospect
EXCEL DEVELOPMENT CO INC,26,0,,,corporation,True,False,False,False,institutional,True,"['82 E HOLLISTER ST', '2405 AUBURN AVE', '2403 AUBURN AVE', '7166 EASTLAWN DR', '1865 LOSANTIVILLE AVE']",1.0,67,tier_2,Corporation (likely investor); Institutional investor (26 properties); 80%+ properties are absentee-owned,Probable Investor - Strong prospect
LIVING SOLUTIONS LLC,26,0,,,llc,True,False,False,False,institutional,True,"['2155 B FULTON AVE', '332 GLENWOOD AVE', '7372 WOODCROFT DR', '11535 12 REGENCY SQUARE CT', '3424 AMBERWAY CT']",1.0,70,tier_2,LLC entity (high investor probability); Institutional investor (26 properties); 80%+ properties are absentee-owned,Probable Investor - Strong prospect
KROGER CO THE,25,0,,,corporation,True,False,False,False,institutional,True,"['10 E CENTRAL PW', '1021 VINE ST', '1015 VINE ST', '1014 VINE ST', '1014 VINE ST']",1.0,67,tier_2,Corporation (likely investor); Institutional investor (25 properties); 80%+ properties are absentee-owned,Probable Investor - Strong prospect
LADISA INVESTMENTS LLC,24,0,,,llc,True,True,False,False,large,True,"['814 816 MAIN ST', '1856 GLENDON PL', '1529 MANSS AVE', '2910 QUEEN CITY AVE', '2702 QUEENSWOOD DR']",1.0,77,tier_2,"LLC entity (high investor probability); Large portfolio (24 properties); 80%+ properties are absentee-owned; Name contains investor keywords (Properties, Holdings, etc.)",Probable Investor - Strong prospect
TENMORE HOLDINGS LLC,23,0,,,llc,True,True,False,False,large,True,"['4916 JAMESON ST', '466 DAYTON ST', '442 DAYTON ST', '442 DAYTON ST', '6829 GRACELY DR']",1.0,77,tier_2,"LLC entity (high investor probability); Large portfolio (23 properties); 80%+ properties are absentee-owned; Name contains investor keywords (Properties, Holdings, etc.)",Probable Investor - Strong prospect
KROGER LIMITED PARTNERSHIP I,22,0,,,partnership,True,False,False,False,large,True,"['6219 CORBLY RD', '4613 MARBURG AVE', '3609 WARSAW AVE', '8241 VINE ST', '8241 VINE ST']",1.0,63,tier_2,Partnership (likely investor); Large portfolio (22 properties); 80%+ properties are absentee-owned,Probable Investor - Strong prospect
GALLENSTEIN INVESTMENTS LLC,22,0,,,llc,True,True,False,False,large,True,"['6101 CREEK RD', '5699 CREEK RD', '5677 CREEK RD', '5633 CREEK RD', '5201 CREEK RD']",1.0,77,tier_2,"LLC entity (high investor probability); Large portfolio (22 properties); 80%+ properties are absentee-owned; Name contains investor keywords (Properties, Holdings, etc.)",Probable Investor - Strong prospect
MAGNOLIA HEIGHTS LIMITED PARTNERSHIP,22,0,,,partnership,True,False,False,False,large,True,"['537 E THIRTEENTH ST', '539 E THIRTEENTH ST', '1344 VINE ST', '212 MAGNOLIA ST', '210 MAGNOLIA ST']",1.0,63,tier_2,Partnership (likely investor); Large portfolio (22 properties); 80%+ properties are absentee-owned,Probable Investor - Strong prospect
PILLAR MINISTRIES INC,21,0,,,corporation,True,False,False,False,large,True,"['6272 RUGBY RD', '6268 RUGBY RD', '6256 RUGBY RD', '6242 RUGBY RD', '6240 RUGBY RD']",1.0,64,tier_2,Corporation (likely investor); Large portfolio (21 properties); 80%+ properties are absentee-owned,Probable Investor - Strong prospect
PINEKNOT ASSOCIATES LLC,20,0,,,llc,True,False,False,False,large,True,"['2144 FLORENCE AVE', '2141 GILBERT AVE', '2150 FLORENCE AVE', '2149 GILBERT AVE', '2159 GILBERT AVE']",1.0,67,tier_2,LLC entity (high investor probability); Large portfolio (20 properties); 80%+ properties are absentee-owned,Probable Investor - Strong prospect
LSR LLC,20,0,,,llc,True,False,False,False,large,True,"['2374 BANNING RD', 'NEW HAVEN RD', 'NEW HAVEN RD', 'NEW HAVEN RD', nan]",1.0,67,tier_2,LLC entity (high investor probability); Large portfolio (20 properties); 80%+ properties are absentee-owned,Probable Investor - Strong prospect
LEVEL 3 COMMUNICATIONS LLC,20,0,,,llc,True,False,False,False,large,True,"[nan, nan, nan, nan, nan]",1.0,67,tier_2,LLC entity (high investor probability); Large portfolio (20 properties); 80%+ properties are absentee-owned,Probable Investor - Strong prospect
TERRI MANOR ASSOCIATES LTD,19,0,,,partnership,True,False,False,False,large,True,"['655 NEAVE ST', '661 NEAVE ST', '665 NEAVE ST', '720 STATE AVE', '726 STATE AVE']",1.0,63,tier_2,Partnership (likely investor); Large portfolio (19 properties); 80%+ properties are absentee-owned,Probable Investor - Strong prospect
GBC INVESTORS LLC,19,0,,,llc,True,False,False,False,large,True,"['4343 EASTERN AVE', '546 HALE AVE', '6000 ELBROOK AVE', '1937 STATE AVE', '1767 WESTWOOD AVE']",1.0,67,tier_2,LLC entity (high investor probability); Large portfolio (19 properties); 80%+ properties are absentee-owned,Probable Investor - Strong prospect
BLACK FOREST REAL ESTATE LLC,19,0,,,llc,True,True,False,False,large,True,"['5901 BERTE ST', '5907 BERTE ST', '5923 BERTE ST', '5900 PANAMA AVE', '5901 PANAMA AVE']",1.0,77,tier_2,"LLC entity (high investor probability); Large portfolio (19 properties); 80%+ properties are absentee-owned; Name contains investor keywords (Properties, Holdings, etc.)",Probable Investor - Strong prospect
LIBERTY ACQUISITIONS LLC,19,0,,,llc,True,True,False,False,large,True,"['3840 SPRING GROVE AVE', '3827 SPRING GROVE AVE', '3832 SPRING GROVE AVE', '3818 SPRING GROVE AVE', '3816 SPRING GROVE AVE']",1.0,77,tier_2,"LLC entity (high investor probability); Large portfolio (19 properties); 80%+ properties are absentee-owned; Name contains investor keywords (Properties, Holdings, etc.)",Probable Investor - Strong prospect
PETE GRIESDORN LLC,19,0,,,llc,True,False,False,False,large,True,"['OAK RD', 'WILLOW RD', '10425 OAK DR', 'WILLOW RD', 'MAPLE DR']",1.0,67,tier_2,LLC entity (high investor probability); Large portfolio (19 properties); 80%+ properties are absentee-owned,Probable Investor - Strong prospect
MCDONALDS REAL ESTATE COMPANY,19,0,,,corporation,True,True,False,False,large,True,"['READING RD', '7142 READING RD', '7337 WOOSTER PK', 'MIAMI RUN', 'WOOSTER PK']",1.0,74,tier_2,"Corporation (likely investor); Large portfolio (19 properties); 80%+ properties are absentee-owned; Name contains investor keywords (Properties, Holdings, etc.)",Probable Investor - Strong prospect
MEREDITH ESTATES LLC,19,0,,,llc,True,False,False,False,large,True,"['1570 45 MEREDITH DR', '1570 38 MEREDITH DR', '1570 30 MEREDITH DR', '1556 21 MEREDITH DR', '1556 20 MEREDITH DR']",1.0,67,tier_2,LLC entity (high investor probability); Large portfolio (19 properties); 80%+ properties are absentee-owned,Probable Investor - Strong prospect
SWEWAT LTD,19,0,,,partnership,True,False,False,False,large,True,"['3206 WOODBURN AVE', '1612 FAIRFAX AVE', '1610 FAIRFAX AVE', '3212 WOODBURN AVE', '3611 WABASH AVE']",1.0,63,tier_2,Partnership (likely investor); Large portfolio (19 properties); 80%+ properties are absentee-owned,Probable Investor - Strong prospect
LIFEHOMES LLC,19,0,,,llc,True,False,False,False,large,True,"['1570 ST LEGER PL', '1613 DEXTER AVE', '1618 NEILSON PL', 'CHASE AVE', 'CHASE AVE']",1.0,67,tier_2,LLC entity (high investor probability); Large portfolio (19 properties); 80%+ properties are absentee-owned,Probable Investor - Strong prospect
PENDLETON HOUSING PARTNERS LP,18,0,,,partnership,True,False,False,False,large,True,"['1347 BROADWAY', '1336 BROADWAY', '402 E THIRTEENTH ST', '404 E THIRTEENTH ST', '1320 PENDLETON ST']",1.0,63,tier_2,Partnership (likely investor); Large portfolio (18 properties); 80%+ properties are absentee-owned,Probable Investor - Strong prospect
ERIE PARK II LLC,18,0,,,llc,True,False,False,False,large,True,"['4455 ERIE AVE', '4457 ERIE AVE', '4459 1C ERIE AVE', '4461 1D ERIE AVE', '4463 1E ERIE AVE']",1.0,67,tier_2,LLC entity (high investor probability); Large portfolio (18 properties); 80%+ properties are absentee-owned,Probable Investor - Strong prospect
MAQ INVESTMENTS LLC,18,0,,,llc,True,True,False,False,large,True,"['2357 CONCORD ST', '3433 HALLWOOD PL', '839 LEXINGTON AVE', '709 GLENWOOD AVE', '697 GLENWOOD AVE']",1.0,77,tier_2,"LLC entity (high investor probability); Large portfolio (18 properties); 80%+ properties are absentee-owned; Name contains investor keywords (Properties, Holdings, etc.)",Probable Investor - Strong prospect
MANA AND LILA LLC,18,0,,,llc,True,False,False,False,large,True,"['1610 ELM ST', '208 E THIRTEENTH ST', '1508 PLEASANT ST', nan, nan]",1.0,67,tier_2,LLC entity (high investor probability); Large portfolio (18 properties); 80%+ properties are absentee-owned,Probable Investor - Strong prospect
MAX AUTO REAL ESTATE LLC,18,0,,,llc,True,True,False,False,large,True,"['2612 READING RD', '2616 READING RD', 'GLENWAY AVE', '8502 BEECHMONT AVE', '6015 WOOSTER PK']",1.0,77,tier_2,"LLC entity (high investor probability); Large portfolio (18 properties); 80%+ properties are absentee-owned; Name contains investor keywords (Properties, Holdings, etc.)",Probable Investor - Strong prospect
BIG BUBBA HOLDINGS LLC,17,0,,,llc,True,True,False,False,large,True,"['246 KLOTTER AVE', '228 KLOTTER AVE', '318 KLOTTER AVE', '273 EMMING ST', '2156 STRATFORD AVE']",1.0,77,tier_2,"LLC entity (high investor probability); Large portfolio (17 properties); 80%+ properties are absentee-owned; Name contains investor keywords (Properties, Holdings, etc.)",Probable Investor - Strong prospect
CHANTILAS RENTALS LLC,17,0,,,llc,True,True,False,False,large,True,"['7120 GARDEN RD', '7616 MONTGOMERY RD', '7608 MONTGOMERY RD', '7128 GARDEN RD', '7121 GARDEN RD']",1.0,77,tier_2,"LLC entity (high investor probability); Large portfolio (17 properties); 80%+ properties are absentee-owned; Name contains investor keywords (Properties, Holdings, etc.)",Probable Investor - Strong prospect
MARONDA HOMES OF CINCINNATI LLC,17,0,,,llc,True,True,False,False,large,True,"['8529 NOELLE DR', '8617 NOELLE DR', '8625 NOELLE DR', '8628 PAISLEY DR', 'PAISLEY DR']",1.0,77,tier_2,"LLC entity (high investor probability); Large portfolio (17 properties); 80%+ properties are absentee-owned; Name contains investor keywords (Properties, Holdings, etc.)",Probable Investor - Strong prospect
GASLIGHT VENTURES LLC,17,0,,,llc,True,True,False,False,large,True,"['2717 EDEN AVE', '232 DONAHUE ST', '135 LYON ST', '133 LYON ST', '131 LYON ST']",1.0,77,tier_2,"LLC entity (high investor probability); Large portfolio (17 properties); 80%+ properties are absentee-owned; Name contains investor keywords (Properties, Holdings, etc.)",Probable Investor - Strong prospect
LINCOLN AVENUE PROPERTY HOLDINGS LLC,17,0,,,llc,True,True,False,False,large,True,"['2224 LINCOLN AVE', '2218 LINCOLN AVE', '2208 LINCOLN AVE', '2212 LINCOLN AVE', '2198 LINCOLN AVE']",1.0,77,tier_2,"LLC entity (high investor probability); Large portfolio (17 properties); 80%+ properties are absentee-owned; Name contains investor keywords (Properties, Holdings, etc.)",Probable Investor - Strong prospect
ERON LLC,16,0,,,llc,True,False,False,False,large,True,"['3911 FEEMSTER ST', '3921 FEEMSTER ST', '3925 FEEMSTER ST', '3926 EASTERN AVE', '3926 EASTERN AVE']",1.0,67,tier_2,LLC entity (high investor probability); Large portfolio (16 properties); 80%+ properties are absentee-owned,Probable Investor - Strong prospect
CHASE REALTY CO THE,16,0,,,corporation,True,True,False,False,large,True,"['3723 MADISON RD', '6327 MONTGOMERY RD', '2886 RIVER RD', '622 STEINER AVE', 'HARRISON AVE']",1.0,74,tier_2,"Corporation (likely investor); Large portfolio (16 properties); 80%+ properties are absentee-owned; Name contains investor keywords (Properties, Holdings, etc.)",Probable Investor - Strong prospect
ANESCO LLC,16,3257420,6800 CAMBRIDGE GROVE CTCLEVES OH 45002,ANESCO LLC 6800 CAMBRIDGE GROVE CTCLEVES OH 45002,llc,True,False,False,False,large,True,"['BOUDINOT AVE', '5345-5349 GLENWAY AVE', 'DELHI PK', 'DELHI PK', '5074 MT ALVERNO RD']",1.0,67,tier_2,LLC entity (high investor probability); Large portfolio (16 properties); 80%+ properties are absentee-owned,Probable Investor - Strong prospect
TEKO LAND GROUP LTD,16,0,,,partnership,True,True,False,False,large,True,"['6324 MADISON RD', '6320 MADISON RD', '6717 E LEDGE ST', '6715 E LEDGE ST', '3665 ERIE AVE']",1.0,73,tier_2,"Partnership (likely investor); Large portfolio (16 properties); 80%+ properties are absentee-owned; Name contains investor keywords (Properties, Holdings, etc.)",Probable Investor - Strong prospect
MEGGITT (ERLANGER) LLC,16,0,,,llc,True,False,False,False,large,True,"['1979 STRUBLE RD', '1990 SPRINGDALE RD', '1980 SPRINGDALE RD', '10293 BURLINGTON RD', '10293 BURLINGTON RD']",1.0,67,tier_2,LLC entity (high investor probability); Large portfolio (16 properties); 80%+ properties are absentee-owned,Probable Investor - Strong prospect
HILVERS CATERING INC,16,0,,,corporation,True,False,False,False,large,True,"['1063 HEYWOOD ST', 'COLERAIN AVE', '2724 COLERAIN AVE', '2730 COLERAIN AVE', '2732 COLERAIN AVE']",1.0,64,tier_2,Corporation (likely investor); Large portfolio (16 properties); 80%+ properties are absentee-owned,Probable Investor - Strong prospect
CHESTNUT TOWNHOMES LLC,15,0,,,llc,True,False,False,False,large,True,"['6768 MAPLE ST', '6736 CHESTNUT ST', '6772 CHESTNUT ST', '6760 MAPLE ST', '6762 MAPLE ST']",1.0,67,tier_2,LLC entity (high investor probability); Large portfolio (15 properties); 80%+ properties are absentee-owned,Probable Investor - Strong prospect
PLAS IV LLC,15,0,,,llc,True,False,False,False,large,True,"['4511 E GALBRAITH RD', '4511 E GALBRAITH RD', '4511 E GALBRAITH RD', '4511 E GALBRAITH RD', '4511 E GALBRAITH RD']",1.0,67,tier_2,LLC entity (high investor probability); Large portfolio (15 properties); 80%+ properties are absentee-owned,Probable Investor - Strong prospect
BLACKFOOT PROPERTIES LLC,15,0,,,llc,True,True,False,False,large,True,"['2319 AUBURNCREST AVE', '891 LEXINGTON AVE', '3565 ALASKA AVE', '3549 ALASKA AVE', '3561 ALASKA AVE']",1.0,77,tier_2,"LLC entity (high investor probability); Large portfolio (15 properties); 80%+ properties are absentee-owned; Name contains investor keywords (Properties, Holdings, etc.)",Probable Investor - Strong prospect
LOCKARD LLC,15,0,,,llc,True,False,False,False,large,True,"['1450 WALNUT ST', '1448 WALNUT ST', '1446 WALNUT ST', '1442 WALNUT ST', '1436 WALNUT ST']",1.0,67,tier_2,LLC entity (high investor probability); Large portfolio (15 properties); 80%+ properties are absentee-owned,Probable Investor - Strong prospect
LOT KING LTD,15,0,,,partnership,True,False,False,False,large,True,"['3527 STACEY AVE', '919 STRIKER AVE', 'BEEKMAN ST', '1759 TOWNSEND ST', '7152 KELLOGG AVE']",1.0,63,tier_2,Partnership (likely investor); Large portfolio (15 properties); 80%+ properties are absentee-owned,Probable Investor - Strong prospect
MARLIN INTERNATIONAL LLC,15,0,,,llc,True,False,False,False,large,True,"['1271 NEFF AVE', '3755 JAMAICA ST', '4439 HILLSIDE AVE', '4438 HILLSIDE AVE', '4436 HILLSIDE AVE']",1.0,67,tier_2,LLC entity (high investor probability); Large portfolio (15 properties); 80%+ properties are absentee-owned,Probable Investor - Strong prospect
TERRAZA 7 LLC,14,0,,,llc,True,False,False,False,large,True,"['5501 COLERAIN AVE', '8157 BEECHMONT AVE', '8325 COLERAIN AVE', '9449 COLERAIN AVE', '8003 EUCLID AVE']",1.0,67,tier_2,LLC entity (high investor probability); Large portfolio (14 properties); 80%+ properties are absentee-owned,Probable Investor - Strong prospect
MAO SHU ZUOLUTIONS LLC,14,0,,,llc,True,False,False,False,large,True,"['3410 CARDIFF AVE', '6878 ESTHER LN', '5311 GLOBE AVE', '5250 WARREN AVE', '5205 HUNTER AVE']",1.0,67,tier_2,LLC entity (high investor probability); Large portfolio (14 properties); 80%+ properties are absentee-owned,Probable Investor - Strong prospect
LIBERTY VENTURE FUNDING LLC,13,0,,,llc,True,False,False,False,large,True,"['11521 FLAGLER LN', '699 FAIRBORN RD', '774 DANBURY RD', '919 GLASGOW DR', '938 GALLATIN CT']",1.0,67,tier_2,LLC entity (high investor probability); Large portfolio (13 properties); 80%+ properties are absentee-owned,Probable Investor - Strong prospect
KINSEY FLATS LLC,13,0,,,llc,True,False,False,False,large,True,"['343 W FOURTH ST', '335 W FOURTH ST', '331 W FOURTH ST', '327 W FOURTH ST', '320 CENTRAL AVE']",1.0,67,tier_2,LLC entity (high investor probability); Large portfolio (13 properties); 80%+ properties are absentee-owned,Probable Investor - Strong prospect
MARK V FINANCIAL LLC,13,0,,,llc,True,False,False,False,large,True,"['4809 PLAINVILLE RD', '2822 STRATFORD AVE', '7204 READING RD', '7208 READING RD', '7456 EDGEMONT RD']",1.0,67,tier_2,LLC entity (high investor probability); Large portfolio (13 properties); 80%+ properties are absentee-owned,Probable Investor - Strong prospect
MAAS ENTERPRISES LTD,13,0,,,partnership,True,False,False,False,large,True,"['911 W EIGHTH ST', 'CAMPBELL RD', '355 FEATHERWOOD DR', 'SALES AVE', '355 INDUSTRIAL LN']",1.0,63,tier_2,Partnership (likely investor); Large portfolio (13 properties); 80%+ properties are absentee-owned,Probable Investor - Strong prospect
LEX RENTALS LLC,13,0,,,llc,True,True,False,False,large,True,"['966 MANSION AVE', '968 FAIRBANKS AVE', '1056 ROSEMONT AVE', '4100 W LIBERTY ST', '4038 HEYWARD ST']",1.0,77,tier_2,"LLC entity (high investor probability); Large portfolio (13 properties); 80%+ properties are absentee-owned; Name contains investor keywords (Properties, Holdings, etc.)",Probable Investor - Strong prospect
PLAYING CARD PARTNERS LLC,13,0,,,partnership,True,False,False,False,large,True,"['2760 MORGAN WY', '2710 PARK AV', '2710 PARK AV', '2710 PARK AV', '2710 PARK AV']",1.0,63,tier_2,Partnership (likely investor); Large portfolio (13 properties); 80%+ properties are absentee-owned,Probable Investor - Strong prospect
TERPSTRA INVESTMENTS LLC,13,0,,,llc,True,True,False,False,large,True,"['3319 BONAPARTE AVE', '209 STURGIS AVE', '3707 GLENWAY AVE', '529 HAWTHORNE AVE', '404 ELBERON AVE']",1.0,77,tier_2,"LLC entity (high investor probability); Large portfolio (13 properties); 80%+ properties are absentee-owned; Name contains investor keywords (Properties, Holdings, etc.)",Probable Investor - Strong prospect
MEADOWS OF MT CARMEL LLC,12,0,,,llc,True,False,False,False,large,True,"['MEADOW VIEW LANE', 'MEADOW VIEW LANE', 'MEADOW VIEW LANE', 'MEADOW VIEW LANE', 'MEADOW VIEW LANE']",1.0,67,tier_2,LLC entity (high investor probability); Large portfolio (12 properties); 80%+ properties are absentee-owned,Probable Investor - Strong prospect
LUCKE LAND LLC,12,0,,,llc,True,False,False,False,large,True,"['WOODLAND LN', 'WOODLAND LN', 'RIDGESTONE DR', 'CAMARGO RD', 'SHAWNEE RUN RD']",1.0,67,tier_2,LLC entity (high investor probability); Large portfolio (12 properties); 80%+ properties are absentee-owned,Probable Investor - Strong prospect
KTMA HOLDINGS LLC,12,0,,,llc,True,True,False,False,large,True,"['3125 HARVARD AVE', '2015 RYAN AVE', '1243 DEWEY AVE', '1241 DEWEY AVE', '1140 GILSEY AVE']",1.0,77,tier_2,"LLC entity (high investor probability); Large portfolio (12 properties); 80%+ properties are absentee-owned; Name contains investor keywords (Properties, Holdings, etc.)",Probable Investor - Strong prospect
BLWWN LLC,12,0,,,llc,True,False,False,False,large,True,"['521 GLENWOOD AVE', '2214 SELIM AVE', '1212 BLANCHARD AVE', '1210 BLANCHARD AVE', '821 WELLS ST']",1.0,67,tier_2,LLC entity (high investor probability); Large portfolio (12 properties); 80%+ properties are absentee-owned,Probable Investor - Strong prospect
BEMA EQUITIES LLC,12,991820,311 ELM ST STE 270 1201CINCINNATI OH 45202,BEMA EQUITIES LLC 311 ELM ST STE 270 1201CINCINNATI OH 45202,llc,True,False,False,True,large,True,"['7604 ANTHONY WAYNE AVE', '255 AVALON ST', '8463 ANTHONY WAYNE AVE', '8447 ANTHONY WAYNE AVE', '10024 REGENCY CT']",1.0,71,tier_2,LLC entity (high investor probability); Large portfolio (12 properties); 80%+ properties are absentee-owned; Business address (suite/floor),Probable Investor - Strong prospect
LIBERTY & MAIN PROPERTIES LLC,12,0,,,llc,True,True,False,False,large,True,"['1606 MAIN ST', '1604 MAIN ST', '1602 MAIN ST', '1600 MAIN ST', '1611 HUGHES ST']",1.0,77,tier_2,"LLC entity (high investor probability); Large portfolio (12 properties); 80%+ properties are absentee-owned; Name contains investor keywords (Properties, Holdings, etc.)",Probable Investor - Strong prospect
HHM HOLDINGS LLC,12,0,,,llc,True,True,False,False,large,True,"['9048 WILLEY RD', '9048 WILLEY RD', '9048 WILLEY RD', '9048 WILLEY RD', '9048 WILLEY RD']",1.0,77,tier_2,"LLC entity (high investor probability); Large portfolio (12 properties); 80%+ properties are absentee-owned; Name contains investor keywords (Properties, Holdings, etc.)",Probable Investor - Strong prospect
KKMA LLC,12,0,,,llc,True,False,False,False,large,True,"['6812 PALMETTO ST', '4001 GILMORE AVE', '313 EMMING ST', '309 EMMING ST', '311 EMMING ST']",1.0,67,tier_2,LLC entity (high investor probability); Large portfolio (12 properties); 80%+ properties are absentee-owned,Probable Investor - Strong prospect
EVOLVING PROPERTIES LLC,12,0,,,llc,True,True,False,False,large,True,"['2827 SIDNEY AVE', '2823 SIDNEY AVE', '2821 SIDNEY AVE', '2819 SIDNEY AVE', '2812 SIDNEY AVE']",1.0,77,tier_2,"LLC entity (high investor probability); Large portfolio (12 properties); 80%+ properties are absentee-owned; Name contains investor keywords (Properties, Holdings, etc.)",Probable Investor - Strong prospect
KIP INVESTMENT GROUP LLC,12,0,,,llc,True,True,False,False,large,True,"['5320 WHETSEL AVE', '6106 WISTARIA AVE', '6114 WISTARIA AVE', '6120 WISTARIA AVE', '5440 OWASCO ST']",1.0,77,tier_2,"LLC entity (high investor probability); Large portfolio (12 properties); 80%+ properties are absentee-owned; Name contains investor keywords (Properties, Holdings, etc.)",Probable Investor - Strong prospect
MEYER TOOL INC,12,0,,,corporation,True,False,False,False,large,True,"['3064 COLERAIN AVE', '3045-3055 COLERAIN AVE', 'HOPPLE ST', '3015 GERRARD AVE', '3060 COLERAIN AVE']",1.0,64,tier_2,Corporation (likely investor); Large portfolio (12 properties); 80%+ properties are absentee-owned,Probable Investor - Strong prospect
KNOLLMAN FARM INC,11,0,,,corporation,True,False,False,False,large,True,"['7218 WILLEY RD', '7238 NEW HAVEN RD', 'NEW HAVEN RD', '7216 WILLEY RD', 'WILLEY RD']",1.0,64,tier_2,Corporation (likely investor); Large portfolio (11 properties); 80%+ properties are absentee-owned,Probable Investor - Strong prospect
LOSANTIVILLE BUILDINGS LLC,11,0,,,llc,True,False,False,False,large,True,"['3257 GILBERT AVE', '3257 GILBERT AVE', '523 E TWELFTH ST', '208 MAGNOLIA ST', '825 DAYTON ST']",1.0,67,tier_2,LLC entity (high investor probability); Large portfolio (11 properties); 80%+ properties are absentee-owned,Probable Investor - Strong prospect
MATHIAS HOMES LLC,11,0,,,llc,True,True,False,False,large,True,"['2222 BOONE ST', '2224 BOONE ST', '2226 BOONE ST', '2230 BOONE ST', '2215 MAY ST']",1.0,77,tier_2,"LLC entity (high investor probability); Large portfolio (11 properties); 80%+ properties are absentee-owned; Name contains investor keywords (Properties, Holdings, etc.)",Probable Investor - Strong prospect
CHRIST THE KING EASTERN HILLS LLC,11,0,,,llc,True,False,False,False,large,True,"['5826 ISLINGTON AVE', '5830 ISLINGTON AVE', '5834 ISLINGTON AVE', '5838 ISLINGTON AVE', '5825 ISLINGTON AVE']",1.0,67,tier_2,LLC entity (high investor probability); Large portfolio (11 properties); 80%+ properties are absentee-owned,Probable Investor - Strong prospect
LE PROPERTIES USA LLC,11,0,,,llc,True,True,False,False,large,True,"['3734 ST LAWRENCE AVE', '920 FAIRBANKS AVE', '3831 BORDEN ST', '4133 LANGLAND ST', '4219 FERGUS ST']",1.0,77,tier_2,"LLC entity (high investor probability); Large portfolio (11 properties); 80%+ properties are absentee-owned; Name contains investor keywords (Properties, Holdings, etc.)",Probable Investor - Strong prospect
KRR REAL ESTATE LLC,11,0,,,llc,True,True,False,False,large,True,"['MAPHET AVE', '10029 WASHINGTON AVE', '10027 WASHINGTON AVE', '10026 E KEMPER RD', '10600 JEFFERSON AVE']",1.0,77,tier_2,"LLC entity (high investor probability); Large portfolio (11 properties); 80%+ properties are absentee-owned; Name contains investor keywords (Properties, Holdings, etc.)",Probable Investor - Strong prospect
MAPLE MARIEMONT PROPERTIES LLC,11,0,,,llc,True,True,False,False,large,True,"['6738 MAPLE ST', '6720 MAPLE ST', '6730 MAPLE ST', '6734 MAPLE ST', '6736 MAPLE ST']",1.0,77,tier_2,"LLC entity (high investor probability); Large portfolio (11 properties); 80%+ properties are absentee-owned; Name contains investor keywords (Properties, Holdings, etc.)",Probable Investor - Strong prospect
GALACTIC UNION GROUP LLC,11,0,,,llc,True,True,False,False,large,True,"['3664 GLENWAY AVE', '1178 KUHLMAN AVE', '958 WELLS ST', '3781 ST LAWRENCE AVE', '722 GRAND AVE']",1.0,77,tier_2,"LLC entity (high investor probability); Large portfolio (11 properties); 80%+ properties are absentee-owned; Name contains investor keywords (Properties, Holdings, etc.)",Probable Investor - Strong prospect
HISTORIC LIMITED LIABILITY COMPANY LLC,10,0,,,corporation,True,False,False,False,large,True,"['1636 HUGHES ST', '2169 CENTRAL AVE', '1624 LINN ST', '1877 CENTRAL AVE', '1622 LINN ST']",1.0,64,tier_2,Corporation (likely investor); Large portfolio (10 properties); 80%+ properties are absentee-owned,Probable Investor - Strong prospect
HISTORIC LIMITED LIABILITY COMPANY,10,0,,,corporation,True,False,False,False,large,True,"['2232 ST JAMES AVE', '924 RACE ST', '922 RACE ST', '920 RACE ST', '1641 SYCAMORE ST']",1.0,64,tier_2,Corporation (likely investor); Large portfolio (10 properties); 80%+ properties are absentee-owned,Probable Investor - Strong prospect
GALBRAITH NORTH REALTY COMPANY LLC,10,0,,,corporation,True,True,False,False,large,True,"['5641-5691 KUGLER MILL RD', '5579-5823 KUGLER MILL RD', '5701 KUGLER MILL RD', '5701 KUGLER MILL RD', '5693-5761 KUGLER MILL RD']",1.0,74,tier_2,"Corporation (likely investor); Large portfolio (10 properties); 80%+ properties are absentee-owned; Name contains investor keywords (Properties, Holdings, etc.)",Probable Investor - Strong prospect
MANIFESTED GLORY MINISTRIES INCORPORATED,10,0,,,corporation,True,False,False,False,large,True,"['3555 DICK ST', '3555 DICK ST', '3561 DICK ST', '3572 DICK ST', '3570 DICK ST']",1.0,64,tier_2,Corporation (likely investor); Large portfolio (10 properties); 80%+ properties are absentee-owned,Probable Investor - Strong prospect
MEIGS INVESTMENTS LTD,10,0,,,partnership,True,True,False,False,large,True,"['660 STATE AVE', '664 STATE AVE', '658 STATE AVE', '662 STATE AVE', '3607 DAWSON AVE']",1.0,73,tier_2,"Partnership (likely investor); Large portfolio (10 properties); 80%+ properties are absentee-owned; Name contains investor keywords (Properties, Holdings, etc.)",Probable Investor - Strong prospect
HERSHNER PROPERTIES INC,10,0,,,corporation,True,True,False,False,large,True,"['1909 MEHMERT AVE', 'MEHMERT AVE', 'MEHMERT AVE', '4729 KIRBY AVE', 'MEHMERT AVE']",1.0,74,tier_2,"Corporation (likely investor); Large portfolio (10 properties); 80%+ properties are absentee-owned; Name contains investor keywords (Properties, Holdings, etc.)",Probable Investor - Strong prospect
BIELEFELD RENTALS 2 LLC,10,0,,,llc,True,True,False,False,large,True,"['2936 WESTBOURNE DR', '2300 EBENEZER RD', '2310 EBENEZER RD', '5343 RYBOLT RD', '303 OAK ST']",1.0,77,tier_2,"LLC entity (high investor probability); Large portfolio (10 properties); 80%+ properties are absentee-owned; Name contains investor keywords (Properties, Holdings, etc.)",Probable Investor - Strong prospect
KNIGHTS OF THE GOLDEN TRAIL INC,10,0,,,corporation,True,False,False,False,large,True,"['12072 CEDAR DR', '12068 CEDAR DR', '12066 CEDAR DR', '10514 WILLOW DR', '10528 WILLOW DR']",1.0,64,tier_2,Corporation (likely investor); Large portfolio (10 properties); 80%+ properties are absentee-owned,Probable Investor - Strong prospect
CHYTIRIO PROPERTIES LLC,10,0,,,llc,True,True,False,False,large,True,"['226 WORTH ST', '220 WORTH ST', '3441 WOOL ST', '1874 SECTION RD', '4903 PADDOCK RD']",1.0,77,tier_2,"LLC entity (high investor probability); Large portfolio (10 properties); 80%+ properties are absentee-owned; Name contains investor keywords (Properties, Holdings, etc.)",Probable Investor - Strong prospect
GASLIGHT 2014 LLC,10,0,,,llc,True,False,False,False,large,True,"['548 LOWELL AVE', '545 LOWELL AVE', '523 LOWELL AVE', '531 LOWELL AVE', '525 LOWELL AVE']",1.0,67,tier_2,LLC entity (high investor probability); Large portfolio (10 properties); 80%+ properties are absentee-owned,Probable Investor - Strong prospect
HELMER PROPERTIES LLC,10,0,,,llc,True,True,False,False,large,True,"['109 PARKWAY AVE', '109 PARKWAY AVE', '8338 BURNS AVE', '8342 BURNS AVE', '86 E GALBRAITH RD']",1.0,77,tier_2,"LLC entity (high investor probability); Large portfolio (10 properties); 80%+ properties are absentee-owned; Name contains investor keywords (Properties, Holdings, etc.)",Probable Investor - Strong prospect
MEADOWS ESTATE LLC,10,0,,,llc,True,False,False,False,large,True,"['3219 JEFFERSON AVE', '4116 TURRILL ST', '1641 KNOWLTON ST', '1639 KNOWLTON ST', '1637 KNOWLTON ST']",1.0,67,tier_2,LLC entity (high investor probability); Large portfolio (10 properties); 80%+ properties are absentee-owned,Probable Investor - Strong prospect
MASON PROPERTIES LLC,10,0,,,llc,True,True,False,False,large,True,"['5614 MADISON RD', '5616 MADISON RD', '4121 WHETSEL AVE', '1610 JOSEPH ST', '7246 9 CREEKVIEW DR']",1.0,77,tier_2,"LLC entity (high investor probability); Large portfolio (10 properties); 80%+ properties are absentee-owned; Name contains investor keywords (Properties, Holdings, etc.)",Probable Investor - Strong prospect
MARTIN MARIETTA MATERIALS INC,10,0,,,corporation,True,False,False,False,large,True,"['ANCHORAGE RD', 'ROUND BOTTOM RD', 'ROUND BOTTOM RD', 'ROUND BOTTOM RD', 'ROUND BOTTOM RD']",1.0,64,tier_2,Corporation (likely investor); Large portfolio (10 properties); 80%+ properties are absentee-owned,Probable Investor - Strong prospect
PIATT PARK ASSOCIATES LIMITED PARTNERSHIP,10,0,,,partnership,True,False,False,False,large,True,"['135 GARFIELD PL', '135 GARFIELD PL', '135 GARFIELD PL', '135 GARFIELD PL', '135 GARFIELD PL']",1.0,63,tier_2,Partnership (likely investor); Large portfolio (10 properties); 80%+ properties are absentee-owned,Probable Investor - Strong prospect
BLEH REAL ESTATE HOLDINGS LLC,10,0,,,llc,True,True,False,False,large,True,"['119 101 E COURT ST', '119 102 E COURT ST', '119 103 E COURT ST', '119 200 E COURT ST', '119 300 E COURT ST']",1.0,77,tier_2,"LLC entity (high investor probability); Large portfolio (10 properties); 80%+ properties are absentee-owned; Name contains investor keywords (Properties, Holdings, etc.)",Probable Investor - Strong prospect
ABR LTD,10,3988290,1055 ST PAUL PLCINCINNATI OH 45202,TOWNE MANAGEMENT LTD 1055 ST PAUL PLCINCINNATI OH 45202,partnership,True,False,False,False,large,True,"['1200 WAREHAM DR', '965 PARADROME ST', '997 HILL ST', '999 HILL ST', '1013 ST GREGORY ST']",1.0,63,tier_2,Partnership (likely investor); Large portfolio (10 properties); 80%+ properties are absentee-owned,Probable Investor - Strong prospect
MARLEY MOON ENTERPRISES LLC,10,0,,,llc,True,False,False,False,large,True,"['848 WINDHAM AVE', '3002 COSTELLO AVE', '107 W SIXTY-SIXTH ST', '8453 ANTHONY WAYNE AVE', '8463 WISWELL AVE']",1.0,67,tier_2,LLC entity (high investor probability); Large portfolio (10 properties); 80%+ properties are absentee-owned,Probable Investor - Strong prospect
BENIC PROPERTIES LLC,10,213200,1422 HERSCHEL AVECINCINNATI OH 45208,BENIC PROPERTIES LLC 1422 HERSCHEL AVECINCINNATI OH 45208,llc,True,True,False,False,large,True,"['2956 W MCMICKEN AVE', '834 HUTCHINS AVE', '1039 SETON AVE', '956 ELBERON AVE', '1611 FIRST AVE']",1.0,77,tier_2,"LLC entity (high investor probability); Large portfolio (10 properties); 80%+ properties are absentee-owned; Name contains investor keywords (Properties, Holdings, etc.)",Probable Investor - Strong prospect
MESA VIEW INVESTMENTS LLC,9,0,,,llc,True,True,False,False,medium,True,"['312 PURCELL AVE', '701 WILBUD DR', '5319 COLERAIN AVE', '5319 COLERAIN AVE', '6711 SCHUSTER CT']",1.0,72,tier_2,"LLC entity (high investor probability); Medium portfolio (9 properties); 80%+ properties are absentee-owned; Name contains investor keywords (Properties, Holdings, etc.)",Probable Investor - Strong prospect
CHEFS WAREHOUSE MIDWEST LLC THE,9,0,,,llc,True,False,False,False,medium,True,"['DALTON AVE', 'DALTON AVE', 'DALTON AVE', 'W SIXTH ST', '619 LINN ST']",1.0,62,tier_2,LLC entity (high investor probability); Medium portfolio (9 properties); 80%+ properties are absentee-owned,Probable Investor - Strong prospect
CHINA DOLL INVESTMENTS I LLC,9,0,,,llc,True,True,False,False,medium,True,"['3651 ALASKA AVE', '5027 READING RD', '1127 LAIDLAW AVE', '5012 NEWFIELD AVE', '3790 VINE ST']",1.0,72,tier_2,"LLC entity (high investor probability); Medium portfolio (9 properties); 80%+ properties are absentee-owned; Name contains investor keywords (Properties, Holdings, etc.)",Probable Investor - Strong prospect
GATOR NORTHLAND LLC,9,0,,,llc,True,False,False,False,medium,True,"['437 NORTHLAND BV', '540 NORTHLAND BV', '566 NORTHLAND BV', '570 NORTHLAND BV', '584 NORTHLAND BV']",1.0,62,tier_2,LLC entity (high investor probability); Medium portfolio (9 properties); 80%+ properties are absentee-owned,Probable Investor - Strong prospect
LPH THRIVES LLC,9,0,,,llc,True,False,False,False,medium,True,"['2113 W EIGHTH ST', '2122 ST MICHAEL ST', '2130 ST MICHAEL ST', '642 NEAVE ST', '644 NEAVE ST']",1.0,62,tier_2,LLC entity (high investor probability); Medium portfolio (9 properties); 80%+ properties are absentee-owned,Probable Investor - Strong prospect
KHAN REAL ESTATE LLC,9,0,,,llc,True,True,False,False,medium,True,"['727 BURR OAK ST', '9905 CRUSADER DR', '2477 SCHON DR', '2404 SCHON DR', '9444 COOGAN DR']",1.0,72,tier_2,"LLC entity (high investor probability); Medium portfolio (9 properties); 80%+ properties are absentee-owned; Name contains investor keywords (Properties, Holdings, etc.)",Probable Investor - Strong prospect
TERREX HARRIS AVE LLC,9,0,,,llc,True,False,False,False,medium,True,"['HARRIS AVE', '2339 HARRIS AVE', 'HARRIS AVE', '2339 HARRIS AVE', '2339 HARRIS AVE']",1.0,62,tier_2,LLC entity (high investor probability); Medium portfolio (9 properties); 80%+ properties are absentee-owned,Probable Investor - Strong prospect
TBCM LLC,9,0,,,llc,True,False,False,False,medium,True,"['3524 LARKSPUR AVE', '1939 HEWITT AVE', '2040 HEWITT AVE', '1628 CLAREWOOD AVE', '341 DORCHESTER AVE']",1.0,62,tier_2,LLC entity (high investor probability); Medium portfolio (9 properties); 80%+ properties are absentee-owned,Probable Investor - Strong prospect
MELROSE PROPERTIES LLC,9,0,,,llc,True,True,False,False,medium,True,"['5528 DAVIES PL', '5515 DAVIES PL', '5528 DAVIES PL', '5855 WYATT AVE', '3525 MARY ANNE LN']",1.0,72,tier_2,"LLC entity (high investor probability); Medium portfolio (9 properties); 80%+ properties are absentee-owned; Name contains investor keywords (Properties, Holdings, etc.)",Probable Investor - Strong prospect
TD PREMIER PROPERTIES LLC,9,0,,,llc,True,True,False,False,medium,True,"['2577 TOPEKA ST', '8599 SUNLIGHT DR', '1037 PELICAN DR', '8425 MOCKINGBIRD LN', '8841 BALBOA DR']",1.0,72,tier_2,"LLC entity (high investor probability); Medium portfolio (9 properties); 80%+ properties are absentee-owned; Name contains investor keywords (Properties, Holdings, etc.)",Probable Investor - Strong prospect
HILTON CAPITAL GROUP LLC,9,0,,,llc,True,True,False,False,medium,True,"['3313 SPOKANE AVE', '821 HARRIS AVE', '4789 CLEVESDALE DR', '4710 HOWARD AVE', '4561 3 FOLEY RD']",1.0,72,tier_2,"LLC entity (high investor probability); Medium portfolio (9 properties); 80%+ properties are absentee-owned; Name contains investor keywords (Properties, Holdings, etc.)",Probable Investor - Strong prospect
BLUE ROCK FUEL LLC,9,0,,,llc,True,False,False,False,medium,True,"['3561 BANNING RD', '3574 BLUE ROCK RD', '3551 BANNING RD', '3541 BANNING RD', '3570 BLUE ROCK RD']",1.0,62,tier_2,LLC entity (high investor probability); Medium portfolio (9 properties); 80%+ properties are absentee-owned,Probable Investor - Strong prospect
BLUE ROCK APARTMENTS LLC,9,0,,,llc,True,False,False,False,medium,True,"['1682 BLUE ROCK ST', '1678 BLUE ROCK ST', '1669 BLUE ROCK ST', '1667 BLUE ROCK ST', '1669 MARBLE ST']",1.0,62,tier_2,LLC entity (high investor probability); Medium portfolio (9 properties); 80%+ properties are absentee-owned,Probable Investor - Strong prospect
BLUE JAY VALLEY PROPERTIES LLC,9,0,,,llc,True,True,False,False,medium,True,"['9001 WILLEY RD', 'WILLEY RD', 'WILLEY RD', '123 HARRISON AVE', '211 HARRISON AVE']",1.0,72,tier_2,"LLC entity (high investor probability); Medium portfolio (9 properties); 80%+ properties are absentee-owned; Name contains investor keywords (Properties, Holdings, etc.)",Probable Investor - Strong prospect
KMN INVEST LLC,9,0,,,llc,True,False,False,False,medium,True,"['827 LINCOLN AVE', 'LINCOLN AVE', 'LINCOLN AVE', '827 LINCOLN AVE', '843 BEECH AVE']",1.0,62,tier_2,LLC entity (high investor probability); Medium portfolio (9 properties); 80%+ properties are absentee-owned,Probable Investor - Strong prospect
KING WEIL MAR LLC,9,0,,,llc,True,False,False,False,medium,True,"['718 WILBUD DR', '616 ROEBLING RD', '807 GREENWICH AVE', '1617 ROSEMONT AVE', '1744 DEWEY AVE']",1.0,62,tier_2,LLC entity (high investor probability); Medium portfolio (9 properties); 80%+ properties are absentee-owned,Probable Investor - Strong prospect
METCO HOLDINGS LLC,9,0,,,llc,True,True,False,False,medium,True,"['11135 DEERFIELD RD', '6033 CORNELL RD', '11286 GROOMS RD', '11261 GROOMS RD', '5430 CORNELL RD']",1.0,72,tier_2,"LLC entity (high investor probability); Medium portfolio (9 properties); 80%+ properties are absentee-owned; Name contains investor keywords (Properties, Holdings, etc.)",Probable Investor - Strong prospect
HGC LAND & BUILDINGS LLC,9,0,,,llc,True,False,False,False,medium,True,"['2814 STANTON AVE', '801 OAK ST', '2652 STANTON AVE', '740 OAK ST', '2837 STANTON AVE']",1.0,62,tier_2,LLC entity (high investor probability); Medium portfolio (9 properties); 80%+ properties are absentee-owned,Probable Investor - Strong prospect
GANAPATHI LLC,9,0,,,llc,True,False,False,False,medium,True,"['2450 HIGHLAND AVE', '2024 ELM ST', '2020 ELM ST', '7539 COLERAIN AVE', '7485 COLERAIN AVE']",1.0,62,tier_2,LLC entity (high investor probability); Medium portfolio (9 properties); 80%+ properties are absentee-owned,Probable Investor - Strong prospect
LEONARD GROUP LTD THE,8,0,,,partnership,True,True,False,False,medium,True,"['6959 RIVER RD', 'NEW HAVEN RD', 'RIVER RD', '6985 NEW HAVEN RD', '7046 SECOND ST']",1.0,68,tier_2,"Partnership (likely investor); Medium portfolio (8 properties); 80%+ properties are absentee-owned; Name contains investor keywords (Properties, Holdings, etc.)",Probable Investor - Strong prospect
MCJLK LLC,8,0,,,llc,True,False,False,False,medium,True,"['2817 LEHMAN RD', '2815 LEHMAN RD', '2807 LEHMAN RD', '2801 LEHMAN RD', '2824 CLAYPOLE AVE']",1.0,62,tier_2,LLC entity (high investor probability); Medium portfolio (8 properties); 80%+ properties are absentee-owned,Probable Investor - Strong prospect
AMDG ENTERPRISES LLC,8,1923390,6614 LEBANON STCINCINNATI OH 45216,AMDG ENTERPRISES LLC 6614 LEBANON STCINCINNATI OH 45216,llc,True,False,False,False,medium,True,"['3069 MARKBREIT AVE', '3892 ISABELLA AVE', '3890 ISABELLA AVE', '3896 ISABELLA AVE', '3924 ISABELLA AVE']",1.0,62,tier_2,LLC entity (high investor probability); Medium portfolio (8 properties); 80%+ properties are absentee-owned,Probable Investor - Strong prospect
CHINAR MANAGEMENT LLC,8,0,,,llc,True,False,False,False,medium,True,"['3605 HANLEY RD', '3621 BLUE ROCK RD', '3616 HANLEY RD', 'HARRISON AVE', '7968 WESSELMAN RD']",1.0,62,tier_2,LLC entity (high investor probability); Medium portfolio (8 properties); 80%+ properties are absentee-owned,Probable Investor - Strong prospect
KOENIG FAMILY LLC,8,0,,,llc,True,False,False,False,medium,True,"['1046 DELTA AVE', '2941 CLEINVIEW AVE', '2945 CLEINVIEW AVE', '2944 CLEINVIEW AVE', '2202 ST JAMES AVE']",1.0,62,tier_2,LLC entity (high investor probability); Medium portfolio (8 properties); 80%+ properties are absentee-owned,Probable Investor - Strong prospect
MAPLE LANE RENTALS LLC,8,0,,,llc,True,True,False,False,medium,True,"['11544 FLAGLER LN', '887 HEATHERSTONE DR', '858 HEATHERSTONE DR', '920 W KEMPER RD', '795 W KEMPER RD']",1.0,72,tier_2,"LLC entity (high investor probability); Medium portfolio (8 properties); 80%+ properties are absentee-owned; Name contains investor keywords (Properties, Holdings, etc.)",Probable Investor - Strong prospect
LANDY LEGACY GROUP LLC,8,0,,,llc,True,True,False,False,medium,True,"['7811 PALACE DR', '101 LANDY LN', '9441 READING RD', '101 LANDY LN', '101 LANDY LN']",1.0,72,tier_2,"LLC entity (high investor probability); Medium portfolio (8 properties); 80%+ properties are absentee-owned; Name contains investor keywords (Properties, Holdings, etc.)",Probable Investor - Strong prospect
EPISCOPAL RETIREMENT HOMES INC,8,0,,,corporation,True,True,False,False,medium,True,"['ERIE AVE', '3901 ERIE AVE', '3999 ERIE AVE', '3939 ERIE AVE', '3538-3580 SHAW AVE']",1.0,69,tier_2,"Corporation (likely investor); Medium portfolio (8 properties); 80%+ properties are absentee-owned; Name contains investor keywords (Properties, Holdings, etc.)",Probable Investor - Strong prospect
LAMBA REAL ESTATE CORPORATION,8,0,,,corporation,True,True,False,False,medium,True,"['5116 CARTHAGE AVE', '5107 MONTGOMERY RD', '5109 MONTGOMERY RD', '5111 MONTGOMERY RD', '5113 MONTGOMERY RD']",1.0,69,tier_2,"Corporation (likely investor); Medium portfolio (8 properties); 80%+ properties are absentee-owned; Name contains investor keywords (Properties, Holdings, etc.)",Probable Investor - Strong prospect
BLUE ROCK HOMES LLC,8,0,,,llc,True,True,False,False,medium,True,"['3516 CRAIG CT', '3508 CRAIG CT', '8345 FIRSHADE TE', '4424 HOMELAWN AVE', '5549 RACEVIEW AVE']",1.0,72,tier_2,"LLC entity (high investor probability); Medium portfolio (8 properties); 80%+ properties are absentee-owned; Name contains investor keywords (Properties, Holdings, etc.)",Probable Investor - Strong prospect
MCC OF NJ LLC,8,0,,,llc,True,False,False,False,medium,True,"['1877 KINNEY AVE', '3449 GREENLAWN AVE', '1716 BREWSTER AVE', '2605 1 EDEN AVE', '1109 HOPPLE ST']",1.0,62,tier_2,LLC entity (high investor probability); Medium portfolio (8 properties); 80%+ properties are absentee-owned,Probable Investor - Strong prospect
MEADOWBROOK PROPERTY MANAGEMENT LLC,8,0,,,llc,True,True,False,False,medium,True,"['879 ROCKDALE AVE', '1271 RUTLEDGE AVE', '3121 GOBEL AVE', '2512 FOXCOVE CT', '3265 BUELL ST']",1.0,72,tier_2,"LLC entity (high investor probability); Medium portfolio (8 properties); 80%+ properties are absentee-owned; Name contains investor keywords (Properties, Holdings, etc.)",Probable Investor - Strong prospect
TBMG PROPERTIES LLC,8,0,,,llc,True,True,False,False,medium,True,"['18 W SEVENTH ST', 'KLINE AVE', '7609 FAIRPARK AVE', '7705 VINE ST', '7717 VINE ST']",1.0,72,tier_2,"LLC entity (high investor probability); Medium portfolio (8 properties); 80%+ properties are absentee-owned; Name contains investor keywords (Properties, Holdings, etc.)",Probable Investor - Strong prospect
BG277 PROPERTIES LLC,8,1882110,3556-3598 ROBROY DRCINCINNATI OH 45247,BG277 PROPERTIES LLC P.O. BOX 99938PITTSBURGH PA 15233,llc,True,True,False,False,medium,True,"['3593 ROBROY DR', '3585 ROBROY DR', '3579 ROBROY DR', '3571 ROBROY DR', '3556 ROBROY DR']",1.0,72,tier_2,"LLC entity (high investor probability); Medium portfolio (8 properties); 80%+ properties are absentee-owned; Name contains investor keywords (Properties, Holdings, etc.)",Probable Investor - Strong prospect
KITANGA INVESTMENT LLC,8,0,,,llc,True,True,False,False,medium,True,"['1623 SHELBY ST', '1621 SHELBY ST', '1619 SHELBY ST', '1617 SHELBY ST', '1615 SHELBY ST']",1.0,72,tier_2,"LLC entity (high investor probability); Medium portfolio (8 properties); 80%+ properties are absentee-owned; Name contains investor keywords (Properties, Holdings, etc.)",Probable Investor - Strong prospect
ANEESH JAIN LLC,8,1266100,632 VINE ST# 700CINCINNATI OH 45202,ANEESH JAIN LLC 525 VINE STREET SUITE 1901CINCINNATI OH 45202,llc,True,False,False,True,medium,True,"['3401 BLUE ROCK RD', '3315 LAPLAND DR', '3257 LAPLAND DR', '3154 ROCKACRES CT', '9031 ROUND TOP RD']",1.0,66,tier_2,LLC entity (high investor probability); Medium portfolio (8 properties); 80%+ properties are absentee-owned; Business address (suite/floor),Probable Investor - Strong prospect
ABASE ABOUND LLC,8,3030,1802 FAIRMOUNT AVECINCINNATI OH 45214,ABASE ABOUND LLC 1802 FAIRMOUNT AVECINCINNATI OH 45214,llc,True,False,False,False,medium,True,"['2511 ST LEO PL', '2509 ST LEO PL', '2507 ST LEO PL', '2505 ST LEO PL', '2503 ST LEO PL']",1.0,62,tier_2,LLC entity (high investor probability); Medium portfolio (8 properties); 80%+ properties are absentee-owned,Probable Investor - Strong prospect
KSW REALTY LLC,8,0,,,llc,True,True,False,False,medium,True,"['1425 LEDLIE ST', '3411 SPRING GROVE AVE', '1404 LEDLIE ST', '1406 LEDLIE ST', '1418 LEDLIE ST']",1.0,72,tier_2,"LLC entity (high investor probability); Medium portfolio (8 properties); 80%+ properties are absentee-owned; Name contains investor keywords (Properties, Holdings, etc.)",Probable Investor - Strong prospect
BLACK GOLD PROPERTY SOLUTIONS LLC,8,0,,,llc,True,True,False,False,medium,True,"['3788 ANDREW AVE', '5280 RIDGE AVE', '5260 RIDGE AVE', '5254 RIDGE AVE', '3313 DONALD ST']",1.0,72,tier_2,"LLC entity (high investor probability); Medium portfolio (8 properties); 80%+ properties are absentee-owned; Name contains investor keywords (Properties, Holdings, etc.)",Probable Investor - Strong prospect
LIMITLESS CREATIONS LLC,8,0,,,llc,True,False,False,False,medium,True,"['1927 TRUITT AVE', '6462 MONTGOMERY RD', '6466 MONTGOMERY RD', '1312 1324 W NORTH BEND RD', '2744 GROSVENOR DR']",1.0,62,tier_2,LLC entity (high investor probability); Medium portfolio (8 properties); 80%+ properties are absentee-owned,Probable Investor - Strong prospect
BID FARM HOLDINGS LLC,8,0,,,llc,True,True,False,False,medium,True,"['10677 NEW BIDDINGER RD', 'NEW BIDDINGER RD', '10667 NEW BIDDINGER RD', '10677 NEW BIDDINGER RD', '10599 BRITTNEY DR']",1.0,72,tier_2,"LLC entity (high investor probability); Medium portfolio (8 properties); 80%+ properties are absentee-owned; Name contains investor keywords (Properties, Holdings, etc.)",Probable Investor - Strong prospect
PMV PROPERTIES LLC,8,0,,,llc,True,True,False,False,medium,True,"['772 FAIRBORN RD', '11711 VAN CLEVE AVE', '11711 VAN CLEVE AVE', '409 W KEMPER RD', 'W KEMPER RD']",1.0,72,tier_2,"LLC entity (high investor probability); Medium portfolio (8 properties); 80%+ properties are absentee-owned; Name contains investor keywords (Properties, Holdings, etc.)",Probable Investor - Strong prospect
LARKIN STREET HOMES LLC,8,0,,,llc,True,True,False,False,medium,True,"['7159 READING RD', '2542 RING PL', '3908 W LIBERTY ST', '2937 OVERDALE DR', '10023 DUNRAVEN DR']",1.0,72,tier_2,"LLC entity (high investor probability); Medium portfolio (8 properties); 80%+ properties are absentee-owned; Name contains investor keywords (Properties, Holdings, etc.)",Probable Investor - Strong prospect
KIRBY HOLDINGS LLC,8,0,,,llc,True,True,False,False,medium,True,"['2280 WESTWOOD NORTHERN BV', '5551 KIRBY AVE', '5603 COLERAIN AVE', '5595 COLERAIN AVE', '5555 KIRBY AVE']",1.0,72,tier_2,"LLC entity (high investor probability); Medium portfolio (8 properties); 80%+ properties are absentee-owned; Name contains investor keywords (Properties, Holdings, etc.)",Probable Investor - Strong prospect
LUO REALTY GROUP LLC,8,0,,,llc,True,True,False,False,medium,True,"['3229 HANNA AVE', '3811 CAMDEN AVE', '4418 HARDING AVE', '3924 DREW AVE', '3887 FLORENCE AVE']",1.0,72,tier_2,"LLC entity (high investor probability); Medium portfolio (8 properties); 80%+ properties are absentee-owned; Name contains investor keywords (Properties, Holdings, etc.)",Probable Investor - Strong prospect
LIGHT HOMES LLC,8,0,,,llc,True,True,False,False,medium,True,"['5309 OWASCO ST', '6926 PALMETTO AVE', '6928 PALMETTO AVE', '3917 PAXTON AVE', 'INDIAN MOUND AVE']",1.0,72,tier_2,"LLC entity (high investor probability); Medium portfolio (8 properties); 80%+ properties are absentee-owned; Name contains investor keywords (Properties, Holdings, etc.)",Probable Investor - Strong prospect
GAINES PROPERTIES LLC,8,0,,,llc,True,True,False,False,medium,True,"['863 BLAIR AVE', '567 STEWART PL', '846 BLAIR AVE', '3901 DICKSON AVE', '3500 WARSAW AVE']",1.0,72,tier_2,"LLC entity (high investor probability); Medium portfolio (8 properties); 80%+ properties are absentee-owned; Name contains investor keywords (Properties, Holdings, etc.)",Probable Investor - Strong prospect
MARY TAYLOR RENTALS LLC,8,0,,,llc,True,True,False,False,medium,True,"['425 ELBERON AVE', '4709 GUERLEY RD', '1627 FIRST AVE', '1736 DEWEY AVE', '1712 GELLENBECK ST']",1.0,72,tier_2,"LLC entity (high investor probability); Medium portfolio (8 properties); 80%+ properties are absentee-owned; Name contains investor keywords (Properties, Holdings, etc.)",Probable Investor - Strong prospect
LBLS REAL ESTATE LLC,8,0,,,llc,True,True,False,False,medium,True,"['3307 HILDRETH AVE', '3307 HILDRETH AVE', '3191 1A PRESERVE LN', '3191 2C PRESERVE LN', '3207 PEBBLEBROOK LN']",1.0,72,tier_2,"LLC entity (high investor probability); Medium portfolio (8 properties); 80%+ properties are absentee-owned; Name contains investor keywords (Properties, Holdings, etc.)",Probable Investor - Strong prospect
BETSCHER HOLDINGS II LLC,8,279330,11098 LAWRENCEBURG RDNORTH BEND OH 45052,BETSCHER HOLDINGS II LLC 3425 STATE ROUTE 132AMELIA OH 45102,llc,True,True,False,False,medium,True,"['3386 MILLS', '11089 CHURCH', '11089 CHURCH ST', '11066 LAWRENCEBURG RD', '11068 LAWRENCEBURG RD']",1.0,72,tier_2,"LLC entity (high investor probability); Medium portfolio (8 properties); 80%+ properties are absentee-owned; Name contains investor keywords (Properties, Holdings, etc.)",Probable Investor - Strong prospect
AMERICAN CRAFT BREWERY LLC,8,419110,1625 CENTRAL PARKWAYCINCINNATI OH 45214,AMERICAN CRAFT BREWERY LLC 1625 CENTRAL PARKWAYCINCINNATI OH 45214,llc,True,False,False,False,medium,True,"['517 FINDLAY ST', '528 LIVINGSTON ST', '1665 CENTRAL AVE', '1651 CENTRAL AVE', '1625 CENTRAL AVE']",1.0,62,tier_2,LLC entity (high investor probability); Medium portfolio (8 properties); 80%+ properties are absentee-owned,Probable Investor - Strong prospect
BETHESDA PROPERTIES INC,8,21994240,619 OAK STCINCINNATI OH 45206,BETHESDA HOSPITAL & DEACONESS ASSOC ATTN D. LUDEKE ACCOUNTING625 EDEN PARK DR 7TH FLCINCINNATI OH 45202,corporation,True,True,False,False,medium,True,"['MONTGOMERY RD', '10545 MONTGOMERY RD', '10535 MONTGOMERY RD', '10525 MONTGOMERY RD', '10615 MONTGOMERY RD']",1.0,69,tier_2,"Corporation (likely investor); Medium portfolio (8 properties); 80%+ properties are absentee-owned; Name contains investor keywords (Properties, Holdings, etc.)",Probable Investor - Strong prospect
EVALD ENTERPRISES LLC,8,0,,,llc,True,False,False,False,medium,True,"['5718 BRAMBLE AVE', '1484 DIXMONT AVE', '2905 CAVANAUGH AVE', '2652 GEHRUM LN', '1175 ATWOOD AVE']",1.0,62,tier_2,LLC entity (high investor probability); Medium portfolio (8 properties); 80%+ properties are absentee-owned,Probable Investor - Strong prospect
AMERICAN HOMES 4 RENT PROPERTIES SEVEN LLC,8,2462800,30601 AGOURA RDSUITE 200AGOURA HILLS CA 91301,COTALITY ATTN: TAX DEPARTMENT 3001 HACKBERRY RDIRVING TX 750630156,llc,True,True,False,False,medium,True,"['5537 SARAHS OAK DR', '10742 STONE RIDGE WY', '10725 STONE RIDGE WY', '153 WESTERN RIDGE DR', '9313 SHALLOWFORD LN']",1.0,72,tier_2,"LLC entity (high investor probability); Medium portfolio (8 properties); 80%+ properties are absentee-owned; Name contains investor keywords (Properties, Holdings, etc.)",Probable Investor - Strong prospect
KRS LLC,8,0,,,llc,True,False,False,False,medium,True,"['1518 MERRIMAC ST', '1701 KINNEY AVE', '3553 NEWTON AVE', '3102 WARSAW AVE', '3604 ROLL AVE']",1.0,62,tier_2,LLC entity (high investor probability); Medium portfolio (8 properties); 80%+ properties are absentee-owned,Probable Investor - Strong prospect
TERRESTRIA LLC,8,0,,,llc,True,False,False,False,medium,True,"['5322 RAVENNA ST', '875 LEXINGTON AVE', '1803 ASHBROOK DR', '4719 GREEN GLEN LN', '3017 TEMPLE AVE']",1.0,62,tier_2,LLC entity (high investor probability); Medium portfolio (8 properties); 80%+ properties are absentee-owned,Probable Investor - Strong prospect
MEYER YOUNG PROPERTIES LLC,7,0,,,llc,True,True,False,False,medium,True,"['CRESTLINE AVE', '471 ELBERON AVE', '469 ELBERON AVE', '473 ELBERON AVE', '496 FAIRBANKS AVE']",1.0,72,tier_2,"LLC entity (high investor probability); Medium portfolio (7 properties); 80%+ properties are absentee-owned; Name contains investor keywords (Properties, Holdings, etc.)",Probable Investor - Strong prospect
BETSCHER HOLDINGS LLC,7,349300,3425 STATE ROUTE 132AMELIA OH 45102,BETSCHER HOLDINGS LLC 3425 STATE ROUTE 132AMELIA OH 45102,llc,True,True,False,False,medium,True,"['U S ROUTE 50', '3461 MAIN ST', '3471 MAIN ST', '11084 U S ROUTE 50', '11084 U S ROUTE 50']",1.0,72,tier_2,"LLC entity (high investor probability); Medium portfolio (7 properties); 80%+ properties are absentee-owned; Name contains investor keywords (Properties, Holdings, etc.)",Probable Investor - Strong prospect
LAKERIDGE HALL LLC,7,0,,,llc,True,False,False,False,medium,True,"['7210 PIPPIN RD', '7198 PIPPIN RD', '7198 PIPPIN RD', '7198 PIPPIN RD', '7198 PIPPIN RD']",1.0,62,tier_2,LLC entity (high investor probability); Medium portfolio (7 properties); 80%+ properties are absentee-owned,Probable Investor - Strong prospect
HEIDS PROPERTY MANAGEMENT LLC,7,0,,,llc,True,True,False,False,medium,True,"['6375 CHEVIOT RD', '6349 CHEVIOT RD', '6337 CHEVIOT RD', '6351 CHEVIOT RD', '6341 CHEVIOT RD']",1.0,72,tier_2,"LLC entity (high investor probability); Medium portfolio (7 properties); 80%+ properties are absentee-owned; Name contains investor keywords (Properties, Holdings, etc.)",Probable Investor - Strong prospect
MARMILLS INVESTMENTS LLC,7,0,,,llc,True,True,False,False,medium,True,"['1816 WOLFANGEL RD', '2016 MILLS AVE', '2043 MILLS AVE', '2031 MILLS AVE', '2025 MILLS AVE']",1.0,72,tier_2,"LLC entity (high investor probability); Medium portfolio (7 properties); 80%+ properties are absentee-owned; Name contains investor keywords (Properties, Holdings, etc.)",Probable Investor - Strong prospect
AMBERACRES PROPERTIES SOUTH LLC,7,671340,7042 MERLIN WAYHAMILTON OH 45011,AMBERACRES PROPERTIES SOUTH LLC 7042 MERLIN WAYHAMILTON OH 45011,llc,True,True,False,False,medium,True,"['3563 AMBERACRES DR', '3563 AMBERACRES WAY', '3563 1 AMBERACRES DR', '3563 2 AMBERACRES DR', '3563 5 AMBERACRES DR']",1.0,72,tier_2,"LLC entity (high investor probability); Medium portfolio (7 properties); 80%+ properties are absentee-owned; Name contains investor keywords (Properties, Holdings, etc.)",Probable Investor - Strong prospect
HEFLIN FAMILY HOLDINGS LLC,7,0,,,llc,True,True,False,False,medium,True,"['3161 MADISON RD', '3159 MADISON RD', '4122 TAYLOR AVE', '4218 BALLARD AVE', '4206 BALLARD AVE']",1.0,72,tier_2,"LLC entity (high investor probability); Medium portfolio (7 properties); 80%+ properties are absentee-owned; Name contains investor keywords (Properties, Holdings, etc.)",Probable Investor - Strong prospect
CHARING CROSS LLC,7,0,,,llc,True,False,False,False,medium,True,"['3266 BRUNSMAN WY', '3250 BRUNSMAN WY', '3246 BRUNSMAN WY', '3242 BRUNSMAN WY', '3234 BRUNSMAN WY']",1.0,62,tier_2,LLC entity (high investor probability); Medium portfolio (7 properties); 80%+ properties are absentee-owned,Probable Investor - Strong prospect
HILLSIDE HOMES LLC,7,0,,,llc,True,True,False,False,medium,True,"['4595 HILLSIDE AVE', '5038 TROUBADOR CT', '348 NEEB RD', '4874 HILLSIDE AVE', '5402 WHITMORE DR']",1.0,72,tier_2,"LLC entity (high investor probability); Medium portfolio (7 properties); 80%+ properties are absentee-owned; Name contains investor keywords (Properties, Holdings, etc.)",Probable Investor - Strong prospect
LAKEHOUSE HOLDINGS LLC,7,0,,,llc,True,True,False,False,medium,True,"['3634 COLUMBIA PW', '1132 DAYTON ST', '6809 JEFFERSON AVE', '5581 NIGHTINGALE CT', '922 SARBROOK DR']",1.0,72,tier_2,"LLC entity (high investor probability); Medium portfolio (7 properties); 80%+ properties are absentee-owned; Name contains investor keywords (Properties, Holdings, etc.)",Probable Investor - Strong prospect
HE REALTY GROUP LLC,7,0,,,llc,True,True,False,False,medium,True,"['4755 HARDWICK DR', '4715 GREEN GLEN LN', '4942 FERGUSON PL', '2860 SHAFFER AVE', '809 ALLENWOOD CT']",1.0,72,tier_2,"LLC entity (high investor probability); Medium portfolio (7 properties); 80%+ properties are absentee-owned; Name contains investor keywords (Properties, Holdings, etc.)",Probable Investor - Strong prospect
AMUN DEVELOPMENT GROUP LLC,7,152300,1393 HARRISON AVECINCINNATI OH 45214,AMUN DEVELOPMENT GROUP LLC 1393 HARRISON AVECINCINNATI OH 45214,llc,True,True,False,False,medium,True,"['1387 HARRISON AVE', '1385 HARRISON AVE', '1383 HARRISON AVE', '1370 ERNST ST', '1370 ERNST ST']",1.0,72,tier_2,"LLC entity (high investor probability); Medium portfolio (7 properties); 80%+ properties are absentee-owned; Name contains investor keywords (Properties, Holdings, etc.)",Probable Investor - Strong prospect
KOINONIA REAL ESTATE LLC,7,0,,,llc,True,True,False,False,medium,True,"['4105 WATTERSON ST', '6627 BRITTON AVE', '6819 GRACE AVE', '6937 BRAMBLE AVE', '6936 GRACE AVE']",1.0,72,tier_2,"LLC entity (high investor probability); Medium portfolio (7 properties); 80%+ properties are absentee-owned; Name contains investor keywords (Properties, Holdings, etc.)",Probable Investor - Strong prospect
MAIN DISTRICT LLC,7,0,,,llc,True,False,False,False,medium,True,"['229 EXCELSIOR ST', '225 EXCELSIOR ST', '230 EXCELSIOR ST', 'DORCHESTER AVE', '107 DORCHESTER AVE']",1.0,62,tier_2,LLC entity (high investor probability); Medium portfolio (7 properties); 80%+ properties are absentee-owned,Probable Investor - Strong prospect
PEARL CRESCENT REALTY GROUP LLC,7,0,,,llc,True,True,False,False,medium,True,"['2500 21 WARSAW AVE', '4686 8A RAPID RUN RD', '3550 SCHWARTZE AVE', '3556 SCHWARTZE AVE', '6642 VINE ST']",1.0,72,tier_2,"LLC entity (high investor probability); Medium portfolio (7 properties); 80%+ properties are absentee-owned; Name contains investor keywords (Properties, Holdings, etc.)",Probable Investor - Strong prospect
HEFLIN REALTY LTD,7,0,,,partnership,True,True,False,False,medium,True,"['4218 APPLETON ST', '3166 MADISON RD', '3170 MADISON RD', '3162 MADISON RD', '4214 APPLETON ST']",1.0,68,tier_2,"Partnership (likely investor); Medium portfolio (7 properties); 80%+ properties are absentee-owned; Name contains investor keywords (Properties, Holdings, etc.)",Probable Investor - Strong prospect
MARSHALL DEVELOPMENT GROUP LLC,7,0,,,llc,True,True,False,False,medium,True,"['1130 MARSHALL AVE', '1114 MARSHALL AVE', 'MARSHALL AVE', 'MARSHALL AVE', '2735 COLERAIN AVE']",1.0,72,tier_2,"LLC entity (high investor probability); Medium portfolio (7 properties); 80%+ properties are absentee-owned; Name contains investor keywords (Properties, Holdings, etc.)",Probable Investor - Strong prospect
KIKI REAL ESTATE HOLDINGS LLC,7,0,,,llc,True,True,False,False,medium,True,"['2268 RICE ST', '278 STARK ST', '1602 JOHN ST', '1600 JOHN ST', '832 LIVINGSTON ST']",1.0,72,tier_2,"LLC entity (high investor probability); Medium portfolio (7 properties); 80%+ properties are absentee-owned; Name contains investor keywords (Properties, Holdings, etc.)",Probable Investor - Strong prospect
BJ HOMES LIMITED PARTNERSHIP,7,0,,,partnership,True,True,False,False,medium,True,"['3014 WALTER AVE', '2304 VINE ST', '3824 STANDISH AVE', '1042 MARSHALL AVE', '6298 BETTS AVE']",1.0,68,tier_2,"Partnership (likely investor); Medium portfolio (7 properties); 80%+ properties are absentee-owned; Name contains investor keywords (Properties, Holdings, etc.)",Probable Investor - Strong prospect
BEALE 1 LLC,7,537920,10622 NEW HAVEN RDHARRISON OH 45030,BEALE 1 LLC 10622 NEW HAVEN RDHARRISON OH 45030,llc,True,False,False,False,medium,True,"['10622 NEW HAVEN RD', 'NEW HAVEN RD', '10620 NEW HAVEN RD', '10055 PROGRESS WAY', '10055 PROGRESS WAY']",1.0,62,tier_2,LLC entity (high investor probability); Medium portfolio (7 properties); 80%+ properties are absentee-owned,Probable Investor - Strong prospect
MAERTZ INVESTMENTS LLC,7,0,,,llc,True,True,False,False,medium,True,"['2189 HIGH ST', '2191 HIGH ST', '9155 READING RD', '1305 READING RD', '9153 READING RD']",1.0,72,tier_2,"LLC entity (high investor probability); Medium portfolio (7 properties); 80%+ properties are absentee-owned; Name contains investor keywords (Properties, Holdings, etc.)",Probable Investor - Strong prospect
MARIGOLD VENTURES LLC,7,0,,,llc,True,True,False,False,medium,True,"['633 PROSPECT PL', '1024 SUNSET AVE', '4063 VINEDALE AVE', '4063 VINEDALE AVE', '1343 MANSS AVE']",1.0,72,tier_2,"LLC entity (high investor probability); Medium portfolio (7 properties); 80%+ properties are absentee-owned; Name contains investor keywords (Properties, Holdings, etc.)",Probable Investor - Strong prospect
TERRY CARTER RENTAL LLC,7,0,,,llc,True,True,False,False,medium,True,"['COLUMBIA PW', '4604 EASTERN AVE', '4606 EASTERN AVE', '4608 EASTERN AVE', '4610 EASTERN AVE']",1.0,72,tier_2,"LLC entity (high investor probability); Medium portfolio (7 properties); 80%+ properties are absentee-owned; Name contains investor keywords (Properties, Holdings, etc.)",Probable Investor - Strong prospect
LEX PROPERTIES MANAGEMENT & ACQUISITION LLC,7,0,,,llc,True,True,False,False,medium,True,"['2475 SATURN ST', '2475 SATURN ST', '1304 BEECH AVE', '2036 QUEEN CITY AVE', '2847 ROBERT AVE']",1.0,72,tier_2,"LLC entity (high investor probability); Medium portfolio (7 properties); 80%+ properties are absentee-owned; Name contains investor keywords (Properties, Holdings, etc.)",Probable Investor - Strong prospect
LITTLE MIAMI REAL ESTATE INVESTMENT CORP,7,0,,,corporation,True,True,False,False,medium,True,"['3615 CHURCH ST', '3607 CHURCH ST', '3605 CHURCH ST', '81 CHURCH ST', '3601 CHURCH ST']",1.0,69,tier_2,"Corporation (likely investor); Medium portfolio (7 properties); 80%+ properties are absentee-owned; Name contains investor keywords (Properties, Holdings, etc.)",Probable Investor - Strong prospect
MARK GREENE CONSTRUCTION LLC,7,0,,,llc,True,False,False,False,medium,True,"['2908 CORBIN PARK CT', '2906 CORBIN PARK CT', '2904 CORBIN PARK CT', '2902 CORBIN PARK CT', '2756 HOFF AVE']",1.0,62,tier_2,LLC entity (high investor probability); Medium portfolio (7 properties); 80%+ properties are absentee-owned,Probable Investor - Strong prospect
MARGARET HALL REALTY LLC,7,0,,,llc,True,True,False,False,medium,True,"['1960 MADISON RD', '1950 MADISON RD', '1960 MADISON RD', '1936 MADISON RD', '1917 GREGORY LN']",1.0,72,tier_2,"LLC entity (high investor probability); Medium portfolio (7 properties); 80%+ properties are absentee-owned; Name contains investor keywords (Properties, Holdings, etc.)",Probable Investor - Strong prospect
LL INVESTORS GROUP LLC,7,0,,,llc,True,True,False,False,medium,True,"['1029 MCPHERSON AVE', '527 WOODLAWN AVE', '628 FAIRBANKS AVE', '1130 ROSEMONT AVE', '5156 WILLNET DR']",1.0,72,tier_2,"LLC entity (high investor probability); Medium portfolio (7 properties); 80%+ properties are absentee-owned; Name contains investor keywords (Properties, Holdings, etc.)",Probable Investor - Strong prospect
LIVING FOR A LIVING LLC,7,0,,,llc,True,False,False,False,medium,True,"['2641 RING PL', '1047 PARKSON PL', '1045 PARKSON PL', '1559 TREMONT ST', '1561 TREMONT ST']",1.0,62,tier_2,LLC entity (high investor probability); Medium portfolio (7 properties); 80%+ properties are absentee-owned,Probable Investor - Strong prospect
LANE PRIME PROPERTIES LLC,7,0,,,llc,True,True,False,False,medium,True,"['566 ELBERON AVE', '2346 IROLL AVE', '3286 RINDA LN', '7098 SHEED RD', '5801 WEST FORK RD']",1.0,72,tier_2,"LLC entity (high investor probability); Medium portfolio (7 properties); 80%+ properties are absentee-owned; Name contains investor keywords (Properties, Holdings, etc.)",Probable Investor - Strong prospect
MASK77 INVESTMENTS LLC,7,0,,,llc,True,True,False,False,medium,True,"['2232 FULTON AVE', '636 TAFEL ST', '714 TRENTON AVE', '1199 RULISON AVE', '1306 BEECH AVE']",1.0,72,tier_2,"LLC entity (high investor probability); Medium portfolio (7 properties); 80%+ properties are absentee-owned; Name contains investor keywords (Properties, Holdings, etc.)",Probable Investor - Strong prospect
MAD REALTY LLC,7,0,,,llc,True,True,False,False,medium,True,"['951 HILL ST', '10041 ULRICH AVE', '10051 ULRICH AVE', '10051 ULRICH AVE', '10059 ULRICH AVE']",1.0,72,tier_2,"LLC entity (high investor probability); Medium portfolio (7 properties); 80%+ properties are absentee-owned; Name contains investor keywords (Properties, Holdings, etc.)",Probable Investor - Strong prospect
TCR PROPERTIES LLC,7,0,,,llc,True,True,False,False,medium,True,"['6020 SIERRA ST', '6024 SIERRA ST', '6321 CHANDLER ST', '6224 TYNE AVE', '1926 LAWN AVE']",1.0,72,tier_2,"LLC entity (high investor probability); Medium portfolio (7 properties); 80%+ properties are absentee-owned; Name contains investor keywords (Properties, Holdings, etc.)",Probable Investor - Strong prospect
EZ PROPERTY MANAGEMENT LLC,7,0,,,llc,True,True,False,False,medium,True,"['2015 CLENEAY AVE', '3740 SPENCER AVE', '2215 CLENEAY AVE', '1925 CLENEAY AVE', '1927 CLENEAY AVE']",1.0,72,tier_2,"LLC entity (high investor probability); Medium portfolio (7 properties); 80%+ properties are absentee-owned; Name contains investor keywords (Properties, Holdings, etc.)",Probable Investor - Strong prospect
ANCOR RENTAL COMPANY LLC,6,140250,3700 ROUNDBOTTOM RDCINCINNATI OH 45244,ANCOR RENTAL COMPANY LLC 3700 ROUNDBOTTOM RDCINCINNATI OH 45244,corporation,True,True,False,False,medium,True,"['8121 BROADWELL RD', '7827 YMCA RD', '7829 YMCA RD', '7829 YMCA RD', 'ROUND BOTTOM RD']",1.0,69,tier_2,"Corporation (likely investor); Medium portfolio (6 properties); 80%+ properties are absentee-owned; Name contains investor keywords (Properties, Holdings, etc.)",Probable Investor - Strong prospect
GATEWAY LOFTS PARK AVENUE LLC,6,0,,,llc,True,False,False,False,medium,True,"['2500 PARK AV', '1024 E MCMILLAN AVE', '1030 E MCMILLAN AVE', '2509 PARK AVE', '2513 PARK AVE']",1.0,62,tier_2,LLC entity (high investor probability); Medium portfolio (6 properties); 80%+ properties are absentee-owned,Probable Investor - Strong prospect
KWT PROPERTIES LLC,6,0,,,llc,True,True,False,False,medium,True,"['3707 MADISON RD', '305 E THIRTEENTH ST', '3850 SUPERIOR AVE', '3336 FORTNEY LN', '716 W WYOMING AVE']",1.0,72,tier_2,"LLC entity (high investor probability); Medium portfolio (6 properties); 80%+ properties are absentee-owned; Name contains investor keywords (Properties, Holdings, etc.)",Probable Investor - Strong prospect
MANA & LILA LLC,6,0,,,llc,True,False,False,False,medium,True,"['1710 #1 ELM ST', '1710 #2 ELM ST', '1710 #3 ELM ST', '1710 ELM ST', '4555 WALTON CREEK RD']",1.0,62,tier_2,LLC entity (high investor probability); Medium portfolio (6 properties); 80%+ properties are absentee-owned,Probable Investor - Strong prospect
HIDDEN VALLEY LAND MANAGEMENT LLC,6,0,,,llc,True,False,False,False,medium,True,"['11393 STEPHENS RD', '11393 STEPHENS RD', 'STEPHENS RD', 'STEPHENS RD', '11393 STEPHENS RD']",1.0,62,tier_2,LLC entity (high investor probability); Medium portfolio (6 properties); 80%+ properties are absentee-owned,Probable Investor - Strong prospect
LL LAW LLC,6,0,,,llc,True,False,False,False,medium,True,"['6519 MERWIN AVE', 'MAIN ST', '12 MAIN ST', '12 MAIN ST', '12 MAIN ST']",1.0,62,tier_2,LLC entity (high investor probability); Medium portfolio (6 properties); 80%+ properties are absentee-owned,Probable Investor - Strong prospect
LLR WARNER VICTOR LLC,6,0,,,llc,True,False,False,False,medium,True,"['2247 VICTOR ST', '315 WARNER ST', '2343 VICTOR ST', '2341 VICTOR ST', '2321 VICTOR ST']",1.0,62,tier_2,LLC entity (high investor probability); Medium portfolio (6 properties); 80%+ properties are absentee-owned,Probable Investor - Strong prospect
HIGH QUALITY HOMES LLC,6,0,,,llc,True,True,False,False,medium,True,"['4925 PADDOCK RD', '5510 NEWFIELD AVE', '796 DELHI AVE', '1914 ASHBROOK DR', '5803 SARANAC AVE']",1.0,72,tier_2,"LLC entity (high investor probability); Medium portfolio (6 properties); 80%+ properties are absentee-owned; Name contains investor keywords (Properties, Holdings, etc.)",Probable Investor - Strong prospect
ERIE EXCHANGE LLC,6,0,,,llc,True,False,False,False,medium,True,"['3519 SHAW AVE', '3515 SHAW AVE', '2752 ERIE AVE', '3520 MICHIGAN AVE', '3516 MICHIGAN AVE']",1.0,62,tier_2,LLC entity (high investor probability); Medium portfolio (6 properties); 80%+ properties are absentee-owned,Probable Investor - Strong prospect
HERRICK COMMONS LLC,6,0,,,llc,True,False,False,False,medium,True,"['2113 HERRICK AVE', '2111 HERRICK AVE', '2109 HERRICK AVE', '2103 HERRICK AVE', '2105 HERRICK AVE']",1.0,62,tier_2,LLC entity (high investor probability); Medium portfolio (6 properties); 80%+ properties are absentee-owned,Probable Investor - Strong prospect
AMM LAND LLC,6,2926070,1217 DALTON STCINCINNATI OH 45203,AMM LAND LLC 1217 DALTON STCINCINNATI OH 45203,llc,True,False,False,False,medium,True,"['1217 DALTON AVE', '11865 HAMILTON AVE', '400 E WYOMING AVE', '316 DUNN ST', '322 DUNN ST']",1.0,62,tier_2,LLC entity (high investor probability); Medium portfolio (6 properties); 80%+ properties are absentee-owned,Probable Investor - Strong prospect
LIFE PROPERTIES LLC,6,0,,,llc,True,True,False,False,medium,True,"['305 CLEVELAND AVE', '200 DUNN ST', '5006 STEWART PARK', '4910 WESLEY AVE', '1904 ELM AVE']",1.0,72,tier_2,"LLC entity (high investor probability); Medium portfolio (6 properties); 80%+ properties are absentee-owned; Name contains investor keywords (Properties, Holdings, etc.)",Probable Investor - Strong prospect
LINS VINE PROPERTIES LLC,6,0,,,llc,True,True,False,False,medium,True,"['267 SHEEHAN AVE', '8357 CURZON AVE', '627 VAN ROBERTS PL', '627 VAN ROBERTS PL', '6411 VINE ST']",1.0,72,tier_2,"LLC entity (high investor probability); Medium portfolio (6 properties); 80%+ properties are absentee-owned; Name contains investor keywords (Properties, Holdings, etc.)",Probable Investor - Strong prospect
MCM103 LLC,6,0,,,llc,True,False,False,False,medium,True,"['107 W MCMILLAN AVE', '103 W MCMILLAN AVE', '97 W MCMILLAN AVE', '97 W MCMILLAN AVE', '93 W MCMILLAN AVE']",1.0,62,tier_2,LLC entity (high investor probability); Medium portfolio (6 properties); 80%+ properties are absentee-owned,Probable Investor - Strong prospect
TDS GROUP LLC THE,6,0,,,llc,True,True,False,False,medium,True,"['6977 WATER ST', '6972 WATER ST', '6972 WATER ST', '10172 COLUMBIA ST', '10164 COLUMBIA ST']",1.0,72,tier_2,"LLC entity (high investor probability); Medium portfolio (6 properties); 80%+ properties are absentee-owned; Name contains investor keywords (Properties, Holdings, etc.)",Probable Investor - Strong prospect
LITTLE MIAMI REAL ESTATE AND INVESTMENT CORP,6,0,,,corporation,True,True,False,False,medium,True,"['5076 16 WOOSTER PK', '5078 19 WOOSTER PK', '5078 20 WOOSTER PK', '3616 CHURCH AVE', '3619 CHURCH ST']",1.0,69,tier_2,"Corporation (likely investor); Medium portfolio (6 properties); 80%+ properties are absentee-owned; Name contains investor keywords (Properties, Holdings, etc.)",Probable Investor - Strong prospect
EPB PROPERTIES II LLC,6,0,,,llc,True,True,False,False,medium,True,"['8700 PLANET DR', '4087 DELHI PK', '6074 JOHNSON RD', '3645 HERBERT AVE', '8823 NEPTUNE DR']",1.0,72,tier_2,"LLC entity (high investor probability); Medium portfolio (6 properties); 80%+ properties are absentee-owned; Name contains investor keywords (Properties, Holdings, etc.)",Probable Investor - Strong prospect
GARDEN PLACE PROPERTY LLC,6,0,,,llc,True,True,False,False,medium,True,"['556 1/2 HOGE ST', '54 HEREFORD ST', '4223 BLANEY AVE', '5810 ELDER ST', '3803 SIMPSON AVE']",1.0,72,tier_2,"LLC entity (high investor probability); Medium portfolio (6 properties); 80%+ properties are absentee-owned; Name contains investor keywords (Properties, Holdings, etc.)",Probable Investor - Strong prospect
SYSCO FOOD SERVICES OF CINCINNATI LLC,6,0,,,llc,True,False,False,False,medium,True,"['10510 EVENDALE DR', '10580 EVENDALE DR', '10360 GLENDALE MILFORD RD', '10510 EVENDALE DR', '10510 EVENDALE DR']",1.0,62,tier_2,LLC entity (high investor probability); Medium portfolio (6 properties); 80%+ properties are absentee-owned,Probable Investor - Strong prospect
MARINERS LANDING BOAT CLUB LLC,6,0,,,llc,True,False,False,False,medium,True,"['6318 GRACELY DR', '112 MERIDIAN ST', '7373 GRACELY DR', '47 THORNTON AVE', 'THORNTON AVE']",1.0,62,tier_2,LLC entity (high investor probability); Medium portfolio (6 properties); 80%+ properties are absentee-owned,Probable Investor - Strong prospect
EPIC REAL ESTATE INVESTMENTS LLC,6,0,,,llc,True,True,False,False,medium,True,"['1929 DANA AVE', '1222 DEWEY AVE', '1933 POWERS ST', '3191 MCHENRY AVE', '600 W WYOMING AVE']",1.0,72,tier_2,"LLC entity (high investor probability); Medium portfolio (6 properties); 80%+ properties are absentee-owned; Name contains investor keywords (Properties, Holdings, etc.)",Probable Investor - Strong prospect
AMH 2015-1 BORROWER LLC,6,1445160,30601 AGOURA RDSUITE 200AGOURA HILLS CA 91301,COTALITY ATTN: TAX DEPARTMENT 3001 HACKBERRY RDIRVING TX 750630156,llc,True,False,False,False,medium,True,"['6548 RIPPLEWOOD LN', '5905 HAVENWOOD CT', '2255 INTERN CT', '7208 IVY WY', '813 ALLENWOOD CT']",1.0,62,tier_2,LLC entity (high investor probability); Medium portfolio (6 properties); 80%+ properties are absentee-owned,Probable Investor - Strong prospect
EXECUTIVE COVE PARK LLC,6,0,,,llc,True,False,False,False,medium,True,"['2738 HARRISON AVE', '2734 HARRISON AVE', '2741 POWELL DR', '2737 POWELL DR', '2733 POWELL DR']",1.0,62,tier_2,LLC entity (high investor probability); Medium portfolio (6 properties); 80%+ properties are absentee-owned,Probable Investor - Strong prospect
KOR PROPERTIES LLC,6,0,,,llc,True,True,False,False,medium,True,"['4484 EASTERN AVE', '4486 EASTERN AVE', '4488 EASTERN AVE', '4520 EASTERN AVE', '4509 EASTERN AVE']",1.0,72,tier_2,"LLC entity (high investor probability); Medium portfolio (6 properties); 80%+ properties are absentee-owned; Name contains investor keywords (Properties, Holdings, etc.)",Probable Investor - Strong prospect
HF RENTALS LLC,6,0,,,llc,True,True,False,False,medium,True,"['2623 EDEN AVE', '2623 EDEN AVE', '201 OAK ST', '2811 HIGHLAND AVE', '2803 HIGHLAND AVE']",1.0,72,tier_2,"LLC entity (high investor probability); Medium portfolio (6 properties); 80%+ properties are absentee-owned; Name contains investor keywords (Properties, Holdings, etc.)",Probable Investor - Strong prospect
BEECH HILL APARTMENTS LLC,6,2700260,2649 ERIE AVECINCINNATI OH 45242,COTALITY COMMERCIAL PO BOX 9202COPPELL TX 75019,llc,True,False,False,False,medium,True,"['5623 BEECHMONT AVE', '5653 BEECHMONT AVE', '5615 BEECHMONT AVE', '5631 BEECHMONT AVE', '5500 BEECHMONT AVE']",1.0,62,tier_2,LLC entity (high investor probability); Medium portfolio (6 properties); 80%+ properties are absentee-owned,Probable Investor - Strong prospect
GARU HOLDINGS LLC,6,0,,,llc,True,True,False,False,medium,True,"['5942 GLENWAY AVE', '385 ANDERSON FERRY RD', '3852 NORTH BEND RD', '3645 GLENMORE AVE', '3639 GLENMORE AVE']",1.0,72,tier_2,"LLC entity (high investor probability); Medium portfolio (6 properties); 80%+ properties are absentee-owned; Name contains investor keywords (Properties, Holdings, etc.)",Probable Investor - Strong prospect
MEETINGHOUSE LLC THE,6,0,,,llc,True,False,False,False,medium,True,"['2033 RIVERSIDE DR', '2037 RIVERSIDE DR', '2041 RIVERSIDE DR', '2043 RIVERSIDE DR', '2045 RIVERSIDE DR']",1.0,62,tier_2,LLC entity (high investor probability); Medium portfolio (6 properties); 80%+ properties are absentee-owned,Probable Investor - Strong prospect
MADL LLC,6,0,,,llc,True,False,False,False,medium,True,"['216 SEITZ ST', '212 SEITZ ST', '210 GOETHE ST', '208 GOETHE ST', '203 GOETHE ST']",1.0,62,tier_2,LLC entity (high investor probability); Medium portfolio (6 properties); 80%+ properties are absentee-owned,Probable Investor - Strong prospect
BLUE OCEAN DEVELOPMENT LLC,6,0,,,llc,True,False,False,False,medium,True,"['WIND ST', 'WIND ST', 'WIND ST', 'WIND ST', 'WIND ST']",1.0,62,tier_2,LLC entity (high investor probability); Medium portfolio (6 properties); 80%+ properties are absentee-owned,Probable Investor - Strong prospect
BLUEPRINT RENTALS LLC,6,0,,,llc,True,True,False,False,medium,True,"['3450 6 GOLDEN AVE', '3450 14 GOLDEN AVE', '3547 RAWSON PL', '3544 RAWSON PL', '929 1 SHARKEY LN']",1.0,72,tier_2,"LLC entity (high investor probability); Medium portfolio (6 properties); 80%+ properties are absentee-owned; Name contains investor keywords (Properties, Holdings, etc.)",Probable Investor - Strong prospect
MEM PROPERTIES LLC,6,0,,,llc,True,True,False,False,medium,True,"['6249 BEECHCREST PL', '6252 BEECHMONT AVE', '6253 BEECHCREST PL', '1808 SUTTON AVE', '1804 SUTTON AVE']",1.0,72,tier_2,"LLC entity (high investor probability); Medium portfolio (6 properties); 80%+ properties are absentee-owned; Name contains investor keywords (Properties, Holdings, etc.)",Probable Investor - Strong prospect
LCM PROPERTY MANAGEMENT LLC,6,0,,,llc,True,True,False,False,medium,True,"['4654 CRESAP AVE', '4672 CRESAP AVE', '4660 CRESAP AVE', '4658 CRESAP AVE', '4656 CRESAP AVE']",1.0,72,tier_2,"LLC entity (high investor probability); Medium portfolio (6 properties); 80%+ properties are absentee-owned; Name contains investor keywords (Properties, Holdings, etc.)",Probable Investor - Strong prospect
KOCHECK PROPERTIES LLC,6,0,,,llc,True,True,False,False,medium,True,"['CHERRY ST', '11581 SPRINGFIELD PK', '11561 SPRINGFIELD PK', '11560 SPRINGFIELD PK', 'SPRINGFIELD PK']",1.0,72,tier_2,"LLC entity (high investor probability); Medium portfolio (6 properties); 80%+ properties are absentee-owned; Name contains investor keywords (Properties, Holdings, etc.)",Probable Investor - Strong prospect
PEEPIS PROPERTIES LLC,6,0,,,llc,True,True,False,False,medium,True,"['6130 GLADE AVE', '537 SUTTON RD', '1251 BONDICK DR', '596 SUTTON RD', 'SUTTON AVE']",1.0,72,tier_2,"LLC entity (high investor probability); Medium portfolio (6 properties); 80%+ properties are absentee-owned; Name contains investor keywords (Properties, Holdings, etc.)",Probable Investor - Strong prospect
MAGNOLIA CIRCLE LLC,6,0,,,llc,True,False,False,False,medium,True,"['1815 507 WILLIAM H TAFT RD', '1815 606 WILLIAM H TAFT RD', '1815 708 WILLIAM H TAFT RD', '2621 ASHLAND AVE', '2114 SINTON AVE']",1.0,62,tier_2,LLC entity (high investor probability); Medium portfolio (6 properties); 80%+ properties are absentee-owned,Probable Investor - Strong prospect
KL MANAGEMENT GROUP LLC,6,0,,,llc,True,True,False,False,medium,True,"['3258 BRUNSMAN WY', '3229 BRUNSMAN WY', '3243 BRUNSMAN WY', '3249 BRUNSMAN WY', '3253 BRUNSMAN WY']",1.0,72,tier_2,"LLC entity (high investor probability); Medium portfolio (6 properties); 80%+ properties are absentee-owned; Name contains investor keywords (Properties, Holdings, etc.)",Probable Investor - Strong prospect
LUCKY REAL ESTATE LLC,6,0,,,llc,True,True,False,False,medium,True,"['1570 9 MEREDITH DR', '1570 5 MEREDITH DR', '1556 3 MEREDITH DR', '1054 VAN BUREN AVE', '10156 CHESTER RD']",1.0,72,tier_2,"LLC entity (high investor probability); Medium portfolio (6 properties); 80%+ properties are absentee-owned; Name contains investor keywords (Properties, Holdings, etc.)",Probable Investor - Strong prospect
HIN BUYERS GROUP LLC,6,0,,,llc,True,True,False,False,medium,True,"['1812 LOSANTIVILLE AVE', '5414 READING RD', '6320 KENNEDY AVE', '100 MARTIN ST', '6717 BELKENTON AVE']",1.0,72,tier_2,"LLC entity (high investor probability); Medium portfolio (6 properties); 80%+ properties are absentee-owned; Name contains investor keywords (Properties, Holdings, etc.)",Probable Investor - Strong prospect
SWAPLAND LLC,6,0,,,llc,True,False,False,False,medium,True,"['2800 ERIE AVE', '2800 A ERIE AVE', '2800 B ERIE AVE', '2800 C ERIE AVE', '1028 DELTA AVE']",1.0,62,tier_2,LLC entity (high investor probability); Medium portfolio (6 properties); 80%+ properties are absentee-owned,Probable Investor - Strong prospect
TERPRICH LLC,6,0,,,llc,True,False,False,False,medium,True,"['2129 VINE ST', '2131 VINE ST', '2133 VINE ST', '2127 VAN LEAR ST', '2155 VINE ST']",1.0,62,tier_2,LLC entity (high investor probability); Medium portfolio (6 properties); 80%+ properties are absentee-owned,Probable Investor - Strong prospect
MADISON 63 LLC,6,0,,,llc,True,False,False,False,medium,True,"['6301 MADISON RD', '6323 MADISON RD', '6335 MADISON RD', '4910 GLENSHADE AVE', '6337 MADISON RD']",1.0,62,tier_2,LLC entity (high investor probability); Medium portfolio (6 properties); 80%+ properties are absentee-owned,Probable Investor - Strong prospect
LARONA INVESTMENTS LLC,6,0,,,llc,True,True,False,False,medium,True,"['5001 C1A KELLOGG AVE', '5001 C6 KELLOGG AVE', '6453 PACE AVE', '810 805 MATSON PL', '810 1004 MATSON PL']",1.0,72,tier_2,"LLC entity (high investor probability); Medium portfolio (6 properties); 80%+ properties are absentee-owned; Name contains investor keywords (Properties, Holdings, etc.)",Probable Investor - Strong prospect
KMT06 LLC,6,0,,,llc,True,False,False,False,medium,True,"['1711 1 HIGHLAND AVE', '4254 CARLIN ST', '47 HEREFORD ST', '2480 STOCKPORT CT', '3770 MONFORT HEIGHTS DR']",1.0,62,tier_2,LLC entity (high investor probability); Medium portfolio (6 properties); 80%+ properties are absentee-owned,Probable Investor - Strong prospect
BIMI LEGAL LLC,6,0,,,llc,True,False,False,False,medium,True,"['3132 MAPLELEAF AVE', '3139 MAPLELEAF AVE', '11483 SWISSVALE CT', '611 ARLINGTON AVE', '3932 REGENT AVE']",1.0,62,tier_2,LLC entity (high investor probability); Medium portfolio (6 properties); 80%+ properties are absentee-owned,Probable Investor - Strong prospect
BILTER PROPERTIES LLC,6,0,,,llc,True,True,False,False,medium,True,"['132 WILMER AVE', '4307 KELLOGG AVE', '4309 KELLOGG AVE', '4323 KELLOGG AVE', '118 WILMER AVE']",1.0,72,tier_2,"LLC entity (high investor probability); Medium portfolio (6 properties); 80%+ properties are absentee-owned; Name contains investor keywords (Properties, Holdings, etc.)",Probable Investor - Strong prospect
BLACKHAWK EQUITY LLC,6,0,,,llc,True,False,False,False,medium,True,"['2564 MILLENNIUM PL', '2556 MILLENNIUM PL', '2552 MILLENNIUM PL', '2548 MILLENNIUM PL', '2533 MILLENNIUM PL']",1.0,62,tier_2,LLC entity (high investor probability); Medium portfolio (6 properties); 80%+ properties are absentee-owned,Probable Investor - Strong prospect
BLACKSTONE RENTAL PROPERTIES LLC,6,0,,,llc,True,True,False,False,medium,True,"['7604 CASTLETON PL', '1829 BLACKSTONE PL', '7232 EASTLAWN DR', '2523 ST ALBANS AVE', '6330 HAMMEL AVE']",1.0,72,tier_2,"LLC entity (high investor probability); Medium portfolio (6 properties); 80%+ properties are absentee-owned; Name contains investor keywords (Properties, Holdings, etc.)",Probable Investor - Strong prospect
LEGACY 516 LLC,6,0,,,llc,True,False,False,False,medium,True,"['9891 PIPPIN RD', '10257 OCTOBER DR', '6024 S1 RIDGEACRES DR', '1831 FALLBROOK LN', '1031 STEFFEN AVE']",1.0,62,tier_2,LLC entity (high investor probability); Medium portfolio (6 properties); 80%+ properties are absentee-owned,Probable Investor - Strong prospect
MEREDITH HOLDINGS LLC,6,0,,,llc,True,True,False,False,medium,True,"['1570 6 MEREDITH DR', '1570 4 MEREDITH DR', '1570 3 MEREDITH DR', '1570 2 MEREDITH DR', '1570 1 MEREDITH DR']",1.0,72,tier_2,"LLC entity (high investor probability); Medium portfolio (6 properties); 80%+ properties are absentee-owned; Name contains investor keywords (Properties, Holdings, etc.)",Probable Investor - Strong prospect
KHUSBU GROUP LLC,6,0,,,llc,True,True,False,False,medium,True,"['THREE RIVERS PW', 'THREE RIVERS PW', '426 THREE RIVERS PW', 'THREE RIVERS PW', 'THREE RIVERS PW']",1.0,72,tier_2,"LLC entity (high investor probability); Medium portfolio (6 properties); 80%+ properties are absentee-owned; Name contains investor keywords (Properties, Holdings, etc.)",Probable Investor - Strong prospect
HL JONES CONSTRUCTION LLC,6,0,,,llc,True,False,False,False,medium,True,"['3347 GRAYDON AVE', '955 WINDSOR ST', '527 YORK ST', '538 YORK ST', '542 YORK ST']",1.0,62,tier_2,LLC entity (high investor probability); Medium portfolio (6 properties); 80%+ properties are absentee-owned,Probable Investor - Strong prospect
AAA VENTURES & IDEAS LLC,6,668670,3798 STONERIDGE DRMASON OH 45040,AAA VENTURES & IDEAS LLC 3798 STONERIDGE DRMASON OH 45040,llc,True,True,False,False,medium,True,"['2580 W MCMICKEN AVE', '570 PROSPECT PL', '3572 VAN ANTWERP PL', '3633 BORDEN ST', '6208 BANCROFT ST']",1.0,72,tier_2,"LLC entity (high investor probability); Medium portfolio (6 properties); 80%+ properties are absentee-owned; Name contains investor keywords (Properties, Holdings, etc.)",Probable Investor - Strong prospect
LUKE HUEBER HOMES LLC,6,0,,,llc,True,True,False,False,medium,True,"['5861 BRYSON ST', '75 ELDORADO AVE', '73 ELDORADO AVE', '61 ELDORADO AVE', '55 ELDORADO AVE']",1.0,72,tier_2,"LLC entity (high investor probability); Medium portfolio (6 properties); 80%+ properties are absentee-owned; Name contains investor keywords (Properties, Holdings, etc.)",Probable Investor - Strong prospect
HILLGROVE INVESTMENTS LLC,6,0,,,llc,True,True,False,False,medium,True,"['6750 RIVER RD', '7490 GRACELY DR', 'GRACELY DR', '6267 RAPID RUN RD', '357 SEKITAN AVE']",1.0,72,tier_2,"LLC entity (high investor probability); Medium portfolio (6 properties); 80%+ properties are absentee-owned; Name contains investor keywords (Properties, Holdings, etc.)",Probable Investor - Strong prospect
CHARLIE HUTCH PROPERTIES LLC,6,0,,,llc,True,True,False,False,medium,True,"['6231 BRAMBLE AVE', '3566 DICK ST', '3564 DICK ST', '3577 DICK ST', '3577 PURDUE ST']",1.0,72,tier_2,"LLC entity (high investor probability); Medium portfolio (6 properties); 80%+ properties are absentee-owned; Name contains investor keywords (Properties, Holdings, etc.)",Probable Investor - Strong prospect
KLEIN RESIDENTIAL LLC,6,0,,,llc,True,False,False,False,medium,True,"['2479 IMPALA DR', '9840 MARINO DR', '9776 MARINO DR', '3290 AINSWORTH CT', '9955 CAPSTAN DR']",1.0,62,tier_2,LLC entity (high investor probability); Medium portfolio (6 properties); 80%+ properties are absentee-owned,Probable Investor - Strong prospect
HEREDIA REALTY LLC,5,0,,,llc,True,True,False,False,medium,True,"['3753 MT VERNON AVE', '3740 ISABELLA AVE', '3736 ISABELLA AVE', '3742 ISABELLA AVE', '3738 ISABELLA AVE']",1.0,72,tier_2,"LLC entity (high investor probability); Medium portfolio (5 properties); 80%+ properties are absentee-owned; Name contains investor keywords (Properties, Holdings, etc.)",Probable Investor - Strong prospect
LUMINO INVESTMENTS LLC,5,0,,,llc,True,True,False,False,medium,True,"['628 STRAIGHT ST', '703 RIDDLE RD', '576 LOWELL AVE', '4815 BEECH ST', '4805 BEECH ST']",1.0,72,tier_2,"LLC entity (high investor probability); Medium portfolio (5 properties); 80%+ properties are absentee-owned; Name contains investor keywords (Properties, Holdings, etc.)",Probable Investor - Strong prospect
MEB PROPERTIES LLC,5,0,,,llc,True,True,False,False,medium,True,"['9146 COLERAIN AVE', '9132 COLERAIN AVE', '9122 COLERAIN AVE', '3390 COMPTON RD', '3382 COMPTON RD']",1.0,72,tier_2,"LLC entity (high investor probability); Medium portfolio (5 properties); 80%+ properties are absentee-owned; Name contains investor keywords (Properties, Holdings, etc.)",Probable Investor - Strong prospect
AMERICAN PHAROAH LLC,5,1610920,6335 EAST KEMPER RDCINCINNATI OH 45241,AMERICAN PHAROAH LLC 6335 EAST KEMPER RDCINCINNATI OH 45241,llc,True,False,False,False,medium,True,"['3408 BROTHERTON RD', '3410 BROTHERTON RD', '3121 HACKBERRRY ST', '3119 HACKBERRY ST', '3123 HACKBERRY ST']",1.0,62,tier_2,LLC entity (high investor probability); Medium portfolio (5 properties); 80%+ properties are absentee-owned,Probable Investor - Strong prospect
LOL GROUP LLC,5,0,,,llc,True,True,False,False,medium,True,"['2527 PARK AVE', '1107 VINE ST', '64 SHEEHAN AVE', '2649 BARTHAS PL', '1919 CORDOVA AVE']",1.0,72,tier_2,"LLC entity (high investor probability); Medium portfolio (5 properties); 80%+ properties are absentee-owned; Name contains investor keywords (Properties, Holdings, etc.)",Probable Investor - Strong prospect
LH GLOBAL INVESTMENTS LLC,5,0,,,llc,True,True,False,False,medium,True,"['4716 KUGLER MILL RD', '8513 PLAINFIELD RD', '8519 PLAINFIELD RD', '7636 MONTGOMERY RD', '7752 57 MONTGOMERY RD']",1.0,72,tier_2,"LLC entity (high investor probability); Medium portfolio (5 properties); 80%+ properties are absentee-owned; Name contains investor keywords (Properties, Holdings, etc.)",Probable Investor - Strong prospect
KIRKWOOD PROPERTIES LLC,5,0,,,llc,True,True,False,False,medium,True,"['5518 GLENWAY AVE', '5522 GLENWAY AVE', '5514 GLENWAY AVE', '8162 COLERAIN AVE', '8142 8154 COLERAIN AVE']",1.0,72,tier_2,"LLC entity (high investor probability); Medium portfolio (5 properties); 80%+ properties are absentee-owned; Name contains investor keywords (Properties, Holdings, etc.)",Probable Investor - Strong prospect
MCKENNA & FRIEDMANN REAL ESTATE CO LTD,5,0,,,partnership,True,True,False,False,medium,True,"['DRY FORK RD', 'DRY FORK RD', '9149 DRY FORK RD', '9149 DRY FORK RD', '9149 DRY FORK RD']",1.0,68,tier_2,"Partnership (likely investor); Medium portfolio (5 properties); 80%+ properties are absentee-owned; Name contains investor keywords (Properties, Holdings, etc.)",Probable Investor - Strong prospect
TFPJ PROPERTIES LLC,5,0,,,llc,True,True,False,False,medium,True,"['5208 2 BELCLARE RD', '5208 3 BELCLARE RD', '5208 10 BELCLARE RD', '5210 19 BELCLARE RD', '5210 23 BELCLARE RD']",1.0,72,tier_2,"LLC entity (high investor probability); Medium portfolio (5 properties); 80%+ properties are absentee-owned; Name contains investor keywords (Properties, Holdings, etc.)",Probable Investor - Strong prospect
ES2 LLC,5,0,,,llc,True,False,False,False,medium,True,"['5019 MADISON RD', '5015 MADISON RD', '5017 MADISON RD', '5015 MADISON RD', '506 RIDDLE RD']",1.0,62,tier_2,LLC entity (high investor probability); Medium portfolio (5 properties); 80%+ properties are absentee-owned,Probable Investor - Strong prospect
ABSOLUTE HOLDING LLC,5,495870,5 SYLVAN LNCINCINNATI OH 45215,ABSOLUTE HOLDING LLC 5 SYLVAN LNCINCINNATI OH 45215,llc,True,True,False,False,medium,True,"['1262 BEECH AVE', '1432 AMBROSE AVE', '8924 EBRO CT', '1303 NEWPORT DR', '1955 ROOSEVELT AVE']",1.0,72,tier_2,"LLC entity (high investor probability); Medium portfolio (5 properties); 80%+ properties are absentee-owned; Name contains investor keywords (Properties, Holdings, etc.)",Probable Investor - Strong prospect
LOWELL REVITALIZATION PROJECT LLC,5,0,,,llc,True,False,False,False,medium,True,"['596 LOWELL AVE', '592 LOWELL AVE', '566 LOWELL AVE', '562 LOWELL AVE', '558 LOWELL AVE']",1.0,62,tier_2,LLC entity (high investor probability); Medium portfolio (5 properties); 80%+ properties are absentee-owned,Probable Investor - Strong prospect
TEN ENTERPRISES LLC,5,0,,,llc,True,False,False,False,medium,True,"['1209 MAIN ST', '4722 RITTER AVE', '4722 RITTER AVE', 'KENWOOD RD', '10691 KENWOOD RD']",1.0,62,tier_2,LLC entity (high investor probability); Medium portfolio (5 properties); 80%+ properties are absentee-owned,Probable Investor - Strong prospect
MERIVALE STATION LLC,5,0,,,llc,True,False,False,False,medium,True,"['2050 RIVERSIDE DR', '2050 RIVERSIDE DR', '2068 RIVERSIDE DR', '2028 RIVERSIDE DR', '2038 RIVERSIDE DR']",1.0,62,tier_2,LLC entity (high investor probability); Medium portfolio (5 properties); 80%+ properties are absentee-owned,Probable Investor - Strong prospect
LHAB PROPERTIES LLC,5,0,,,llc,True,True,False,False,medium,True,"['2384 WHEELER ST', '2382 WHEELER ST', '2378 WHEELER ST', '2318 WHEELER ST', '2316 WHEELER ST']",1.0,72,tier_2,"LLC entity (high investor probability); Medium portfolio (5 properties); 80%+ properties are absentee-owned; Name contains investor keywords (Properties, Holdings, etc.)",Probable Investor - Strong prospect
LUNDY RENTAL PROPERTIES LLC,5,0,,,llc,True,True,False,False,medium,True,"['15 W SEVENTIETH ST', '6911 VINE ST', '14 W SIXTY-NINTH ST', '4433 SULLIVAN AVE', '401 WALNUT ST']",1.0,72,tier_2,"LLC entity (high investor probability); Medium portfolio (5 properties); 80%+ properties are absentee-owned; Name contains investor keywords (Properties, Holdings, etc.)",Probable Investor - Strong prospect
MDB PROPERTY MANAGEMENT LLC,5,0,,,llc,True,True,False,False,medium,True,"['1988 FAIRFAX AVE', '1992 FAIRFAX AVE', '8156 CAMARGO RD', '8154 CAMARGO RD', '8156 CAMARGO RD']",1.0,72,tier_2,"LLC entity (high investor probability); Medium portfolio (5 properties); 80%+ properties are absentee-owned; Name contains investor keywords (Properties, Holdings, etc.)",Probable Investor - Strong prospect
LLJ INVESTMENTS LLC,5,0,,,llc,True,True,False,False,medium,True,"['2315 ADAMS RD', '2313 ADAMS RD', '2315 ADAMS RD', '2313 ADAMS RD', '636 NORTHLAND BV']",1.0,72,tier_2,"LLC entity (high investor probability); Medium portfolio (5 properties); 80%+ properties are absentee-owned; Name contains investor keywords (Properties, Holdings, etc.)",Probable Investor - Strong prospect
BISHOP APARTMENTS LLC,5,0,,,llc,True,False,False,False,medium,True,"['3245 BISHOP ST', '3245 BISHOP ST', '3237 BISHOP ST', '3209 BISHOP ST', '3245 BISHOP ST']",1.0,62,tier_2,LLC entity (high investor probability); Medium portfolio (5 properties); 80%+ properties are absentee-owned,Probable Investor - Strong prospect
GARTLAND PROPERTIES LLC,5,0,,,llc,True,True,False,False,medium,True,"['3234 BISHOP ST', '6124 PLAINFIELD RD', '7891 CAMP RD', '9106 LINK RD', 'LINK RD']",1.0,72,tier_2,"LLC entity (high investor probability); Medium portfolio (5 properties); 80%+ properties are absentee-owned; Name contains investor keywords (Properties, Holdings, etc.)",Probable Investor - Strong prospect
LIFE INVESTMENTS LLC,5,0,,,llc,True,True,False,False,medium,True,"['705 E BROADWAY ST', '162 FIRST ST', '117 WAMSLEY AVE', '171 PONTIUS AVE', '10659 BOND RD']",1.0,72,tier_2,"LLC entity (high investor probability); Medium portfolio (5 properties); 80%+ properties are absentee-owned; Name contains investor keywords (Properties, Holdings, etc.)",Probable Investor - Strong prospect
MDGO VENTURES LLC,5,0,,,llc,True,True,False,False,medium,True,"['216 E TWELFTH ST', '220 E TWELFTH ST', '222 E TWELFTH ST', '224 E TWELFTH ST', '208 E TWELFTH ST']",1.0,72,tier_2,"LLC entity (high investor probability); Medium portfolio (5 properties); 80%+ properties are absentee-owned; Name contains investor keywords (Properties, Holdings, etc.)",Probable Investor - Strong prospect
LOUMEN I LLC,5,0,,,llc,True,False,False,False,medium,True,"['7764 COLERAIN AVE', '7878 COLERAIN AVE', '3071 SHADYCREST DR', '3083 SHADYCREST DR', '7778 COLERAIN AVE']",1.0,62,tier_2,LLC entity (high investor probability); Medium portfolio (5 properties); 80%+ properties are absentee-owned,Probable Investor - Strong prospect
MDM MASON PROPERTIES LLC,5,0,,,llc,True,True,False,False,medium,True,"['11550 CENTURY BV', '100 PROGRESS PL', 'PRINCETON RD', 'PRINCETON RD', 'PRINCETON RD']",1.0,72,tier_2,"LLC entity (high investor probability); Medium portfolio (5 properties); 80%+ properties are absentee-owned; Name contains investor keywords (Properties, Holdings, etc.)",Probable Investor - Strong prospect
LTIO HOLDINGS LLC,5,0,,,llc,True,True,False,False,medium,True,"['1056 DELHI AVE', '1212 FAIRBANKS AVE', '1273 ILIFF AVE', '1807 DE ARMAND AVE', '713 MULBERRY ST']",1.0,72,tier_2,"LLC entity (high investor probability); Medium portfolio (5 properties); 80%+ properties are absentee-owned; Name contains investor keywords (Properties, Holdings, etc.)",Probable Investor - Strong prospect
MASON VENTURES LLC,5,0,,,llc,True,True,False,False,medium,True,"['7255 READING RD', '7255 READING RD', '667 GLENSPRINGS DR', '874 CEDARHILL DR', '9440 READING RD']",1.0,72,tier_2,"LLC entity (high investor probability); Medium portfolio (5 properties); 80%+ properties are absentee-owned; Name contains investor keywords (Properties, Holdings, etc.)",Probable Investor - Strong prospect
LARKINS VENTURES LLC,5,0,,,llc,True,True,False,False,medium,True,"['5702 PEABODY AVE', '4400 WHETSEL AVE', '4714 CASTLE PL', '6441 EUCLID AVE', '6750 ELBROOK AVE']",1.0,72,tier_2,"LLC entity (high investor probability); Medium portfolio (5 properties); 80%+ properties are absentee-owned; Name contains investor keywords (Properties, Holdings, etc.)",Probable Investor - Strong prospect
HENDERSON FAMILY HOLDINGS LLC,5,0,,,llc,True,True,False,False,medium,True,"['95 GLENDALE MILFORD RD', '11807 READING RD', '11807 READING RD', '11807 READING RD', '4362 CREEK RD']",1.0,72,tier_2,"LLC entity (high investor probability); Medium portfolio (5 properties); 80%+ properties are absentee-owned; Name contains investor keywords (Properties, Holdings, etc.)",Probable Investor - Strong prospect
AMNL ASSET COMPANY 3 LLC,5,1047790,5001 PLAZA ON THE LAKE STE 200AUSTIN TX 78746,AMNL ASSET COMPANY 3 LLC 5001 PLAZA ON THE LAKE STE 200AUSTIN TX 78746,corporation,True,False,False,True,medium,True,"['6947 GRACELY DR', '1422 TALLBERRY DR', '3899 MANTELL AVE', '10812 LEMARIE DR', '1854 LINDENHALL DR']",1.0,63,tier_2,Corporation (likely investor); Medium portfolio (5 properties); 80%+ properties are absentee-owned; Business address (suite/floor),Probable Investor - Strong prospect
BEAIRD HOLDINGS LLC,5,738720,401 SUNNY ACRESCINCINNATI OH 45255,GUNDRUM HOLLY 401 SUNNY ACRESCINCINNATI OH 45230,llc,True,True,False,False,medium,True,"['5426 OWASCO ST', '5714 MADISON RD', '6916 WINDWARD ST', '2043 SECOND AVE', '1998 LEXINGTON AVE']",1.0,72,tier_2,"LLC entity (high investor probability); Medium portfolio (5 properties); 80%+ properties are absentee-owned; Name contains investor keywords (Properties, Holdings, etc.)",Probable Investor - Strong prospect
KM REAL ESTATE HOLDING COMPANY LTD,5,0,,,partnership,True,True,False,False,medium,True,"['2855 OBSERVATORY AVE', '1514 GILPIN AVE', '3426 BIGHORN CT', '2341 NORTH BEND RD', '30 HIGHRIDGE DR']",1.0,68,tier_2,"Partnership (likely investor); Medium portfolio (5 properties); 80%+ properties are absentee-owned; Name contains investor keywords (Properties, Holdings, etc.)",Probable Investor - Strong prospect
LEE LANE WC LLC & LEE LANE HC LLC,5,0,,,llc,True,False,False,False,medium,True,"['5923 CARY AVE', '3194 HARRY LEE LN', '3108 HARRY LEE LN', '3096 HARRY LEE LN', '3078 HARRY LEE LN']",1.0,62,tier_2,LLC entity (high investor probability); Medium portfolio (5 properties); 80%+ properties are absentee-owned,Probable Investor - Strong prospect
LARKIN REALTY LLC,5,0,,,llc,True,True,False,False,medium,True,"['3853 RACE RD', '5521 MARIE AVE', '3847 RACE RD', '5513 MARIE AVE', '5517 MARIE AVE']",1.0,72,tier_2,"LLC entity (high investor probability); Medium portfolio (5 properties); 80%+ properties are absentee-owned; Name contains investor keywords (Properties, Holdings, etc.)",Probable Investor - Strong prospect
BJM INVESTMENTS AND HOLDINGS LLC,5,0,,,llc,True,True,False,False,medium,True,"['1642 JONATHAN AVE', '1200 LINCOLN AVE', '7210 VINE ST', '6502 EDWOOD AVE', '8296 BROWNSWAY LN']",1.0,72,tier_2,"LLC entity (high investor probability); Medium portfolio (5 properties); 80%+ properties are absentee-owned; Name contains investor keywords (Properties, Holdings, etc.)",Probable Investor - Strong prospect
LIMINARY LLC,5,0,,,llc,True,False,False,False,medium,True,"['4261 WALTON CREEK RD', '4249 WALTON CREEK RD', '4235 WALTON CREEK RD', '4223 WALTON CREEK RD', 'WALTON CREEK RD']",1.0,62,tier_2,LLC entity (high investor probability); Medium portfolio (5 properties); 80%+ properties are absentee-owned,Probable Investor - Strong prospect
LUCERNE PROPERTIES LLC,5,0,,,llc,True,True,False,False,medium,True,"['952 WELLS ST', '3735 ST LAWRENCE AVE', '4122 TALBERT AVE', '1718 ILIFF AVE', '1335 MANSS AVE']",1.0,72,tier_2,"LLC entity (high investor probability); Medium portfolio (5 properties); 80%+ properties are absentee-owned; Name contains investor keywords (Properties, Holdings, etc.)",Probable Investor - Strong prospect
AMBASSADOR CAPITAL LLC,5,1212140,119 W CENTRAL PKWY STE 201CINCINNATI OH 45202,AMBASSADOR CAPITAL LLC 119 W CENTRAL PKWY STE 201CINCINNATI OH 45202,llc,True,True,False,True,medium,True,"['3649 MICHIGAN AVE', '4041 LEDGEWOOD DR', '6025 MONTGOMERY RD', '7217 LONGFIELD DR', '4700 HAPPINESS WY']",1.0,76,tier_2,"LLC entity (high investor probability); Medium portfolio (5 properties); 80%+ properties are absentee-owned; Business address (suite/floor); Name contains investor keywords (Properties, Holdings, etc.)",Probable Investor - Strong prospect
PEETE STREET GREEN LLC,5,0,,,llc,True,False,False,False,medium,True,"['134 PEETE ST', '136 PEETE ST', '138 PEETE ST', '132 PEETE ST', '131 MULBERRY ST']",1.0,62,tier_2,LLC entity (high investor probability); Medium portfolio (5 properties); 80%+ properties are absentee-owned,Probable Investor - Strong prospect
MELBOURNE FLATS LLC,5,0,,,llc,True,False,False,False,medium,True,"['2205 VICTOR ST', '2371 FAIRVIEW AVE', '2324 RAVINE ST', '28 W HOLLISTER ST', '39 W MCMILLAN AVE']",1.0,62,tier_2,LLC entity (high investor probability); Medium portfolio (5 properties); 80%+ properties are absentee-owned,Probable Investor - Strong prospect
CHICO PROPERTIES LLC,5,0,,,llc,True,True,False,False,medium,True,"['1434 BEECH AVE', '1432 BEECH AVE', '1430 BEECH AVE', '1428 BEECH AVE', '6313 BETTS AVE']",1.0,72,tier_2,"LLC entity (high investor probability); Medium portfolio (5 properties); 80%+ properties are absentee-owned; Name contains investor keywords (Properties, Holdings, etc.)",Probable Investor - Strong prospect
ABA REAL ESTATE GROUP LLC,5,578200,1118 IMPRINT LNCINCINNATI OH 45240,ABA REAL ESTATE GROUP LLC 1118 IMPRINT LNCINCINNATI OH 45240,llc,True,True,False,False,medium,True,"['1764 LAWN AVE', '1635 ATSON LN', '2264 WESTWOOD NORTHERN BV', '2521 KELLERMAN AVE', '9790 STATE ROUTE 128']",1.0,72,tier_2,"LLC entity (high investor probability); Medium portfolio (5 properties); 80%+ properties are absentee-owned; Name contains investor keywords (Properties, Holdings, etc.)",Probable Investor - Strong prospect
MELMAX PROPERTIES LLC,5,0,,,llc,True,True,False,False,medium,True,"['2711 ARBOR AVE', '2030 HEWITT AVE', '1825 CLARION AVE', '2705 HACKBERRY ST', '2629 STANTON AVE']",1.0,72,tier_2,"LLC entity (high investor probability); Medium portfolio (5 properties); 80%+ properties are absentee-owned; Name contains investor keywords (Properties, Holdings, etc.)",Probable Investor - Strong prospect
LOGAN 223 LLC,5,0,,,llc,True,False,False,False,medium,True,"['4823 WHETSEL AVE', '4821 WHETSEL AVE', '4811 WHETSEL AVE', '4738 WHETSEL AVE', '4732 WHETSEL AVE']",1.0,62,tier_2,LLC entity (high investor probability); Medium portfolio (5 properties); 80%+ properties are absentee-owned,Probable Investor - Strong prospect
HIDDEN CLOUD LLC,5,0,,,llc,True,False,False,False,medium,True,"['535 GLENWOOD AVE', '2691 B 7 LEHMAN RD', '587 W MARTIN LUTHER KING DR', '2311 NICHOLSON AVE', '110 E GALBRAITH RD']",1.0,62,tier_2,LLC entity (high investor probability); Medium portfolio (5 properties); 80%+ properties are absentee-owned,Probable Investor - Strong prospect
MCMICKEN PROJECT LLC,5,0,,,llc,True,False,False,False,medium,True,"['614 W MCMICKEN AVE', '612 W MCMICKEN AVE', '542 W MCMICKEN AVE', '528 W MCMICKEN AVE', '549 W MCMICKEN AVE']",1.0,62,tier_2,LLC entity (high investor probability); Medium portfolio (5 properties); 80%+ properties are absentee-owned,Probable Investor - Strong prospect
LINEAGE PROPERTIES LLC,5,0,,,llc,True,True,False,False,medium,True,"['777 DENIER PL', '785 W GALBRAITH RD', '12058 HITCHCOCK DR', '6791 SIEBERN AVE', '5454 ROLSTON AVE']",1.0,72,tier_2,"LLC entity (high investor probability); Medium portfolio (5 properties); 80%+ properties are absentee-owned; Name contains investor keywords (Properties, Holdings, etc.)",Probable Investor - Strong prospect
MARC HARMON LLC,5,0,,,llc,True,False,False,False,medium,True,"['2611 COLERAIN AVE', '2606 COOK ST', '2611 COLERAIN AVE', 'COLERAIN AVE', '2614 COLERAIN AVE']",1.0,62,tier_2,LLC entity (high investor probability); Medium portfolio (5 properties); 80%+ properties are absentee-owned,Probable Investor - Strong prospect
SWEWAT LLC,5,0,,,llc,True,False,False,False,medium,True,"['927 HARRIS AVE', '1720 QUEEN CITY AVE', '1722 QUEEN CITY AVE', '1746 QUEEN CITY AVE', '1515 COMPTON RD']",1.0,62,tier_2,LLC entity (high investor probability); Medium portfolio (5 properties); 80%+ properties are absentee-owned,Probable Investor - Strong prospect
HIDDEN OAKS OH LLC,5,0,,,llc,True,False,False,False,medium,True,"['2469 MADISON RD', '3821 S JEFFERSON AVE', '17 E NORTH ST', '123 GAHL TE', '124 E NORTH ST']",1.0,62,tier_2,LLC entity (high investor probability); Medium portfolio (5 properties); 80%+ properties are absentee-owned,Probable Investor - Strong prospect
LESCALA LLC,5,0,,,llc,True,False,False,False,medium,True,"['4130 DELHI PK', '4124 DELHI PK', '25 14 VALE AVE', '468 W SHARON RD', '10921 MAIN ST']",1.0,62,tier_2,LLC entity (high investor probability); Medium portfolio (5 properties); 80%+ properties are absentee-owned,Probable Investor - Strong prospect
LDG INVESTMENTS LLC,5,0,,,llc,True,True,False,False,medium,True,"['3641 EDWARDS RD', '886 TIVOLI LN', '865 TIVOLI LN', '11849 RAMSDALE CT', '11705 NEUSS AVE']",1.0,72,tier_2,"LLC entity (high investor probability); Medium portfolio (5 properties); 80%+ properties are absentee-owned; Name contains investor keywords (Properties, Holdings, etc.)",Probable Investor - Strong prospect
BFK SHRI PARAS LLC C/O PIYUSH SHAH,5,794950,10114 WASHINGTON GLEN DRWASHINGTON TOWNSHIP OH 45458,SHAH PIYUSH 10114 WASHINGTON GLEN DRWASHINGTON TOWNSHIP OH 45458,llc,True,False,False,False,medium,True,"['11499 FREMANTLE DR', '11831 KENN RD', '11621 HINKLEY DR', '11481 OXFORDSHIRE LN', '8466 BLUE ASH RD']",1.0,62,tier_2,LLC entity (high investor probability); Medium portfolio (5 properties); 80%+ properties are absentee-owned,Probable Investor - Strong prospect
GBG STRATEGIES LLC,5,0,,,llc,True,False,False,False,medium,True,"['1148 MAIN ST', '1134-1142 MAIN ST', '1201 1 MAIN ST', '1203 MAIN ST', '1207 MAIN ST']",1.0,62,tier_2,LLC entity (high investor probability); Medium portfolio (5 properties); 80%+ properties are absentee-owned,Probable Investor - Strong prospect
LUIS CONSTRUCTION LLC,5,0,,,llc,True,False,False,False,medium,True,"['3541 WISCONSIN AVE', '3543 WISCONSIN AVE', '1241 MANSS AVE', '1807 DREMAN AVE', '11260 HANOVER RD']",1.0,62,tier_2,LLC entity (high investor probability); Medium portfolio (5 properties); 80%+ properties are absentee-owned,Probable Investor - Strong prospect
HILLTOP RENTAL LLC,5,0,,,llc,True,True,False,False,medium,True,"['472 PEDRETTI AVE', '466 PEDRETTI AVE', '474 PEDRETTI AVE', 'PEDRETTI AVE', 'PEDRETTI AVE']",1.0,72,tier_2,"LLC entity (high investor probability); Medium portfolio (5 properties); 80%+ properties are absentee-owned; Name contains investor keywords (Properties, Holdings, etc.)",Probable Investor - Strong prospect
LANCES CUSTOM LLC,5,0,,,llc,True,False,False,False,medium,True,"['5333 WHETSEL AVE', '143 MERIDIAN ST', '1932 ARTHUR PL', '1919 ARTHUR PL', '2387 BROKAW AVE']",1.0,62,tier_2,LLC entity (high investor probability); Medium portfolio (5 properties); 80%+ properties are absentee-owned,Probable Investor - Strong prospect
LAK LLC,5,0,,,llc,True,False,False,False,medium,True,"['6886 HOME CITY AVE', '6819 HILLSIDE AVE', '6819 HILLSIDE AVE', 'HILLSIDE AVE', 'CLEVES WARSAW PK']",1.0,62,tier_2,LLC entity (high investor probability); Medium portfolio (5 properties); 80%+ properties are absentee-owned,Probable Investor - Strong prospect
HICKORY FLATS LLC,5,0,,,llc,True,False,False,False,medium,True,"['GEORGE LEWIS CT', 'RADCLIFFE DR', 'NEW HAVEN RD', 'RAWLING DR', 'CLAYTON CT']",1.0,62,tier_2,LLC entity (high investor probability); Medium portfolio (5 properties); 80%+ properties are absentee-owned,Probable Investor - Strong prospect
BERWYN PROPERTIES LLC,5,506980,9798 GIBRALTER DRCINCINNATI OH 45251,BERWYN PROPERTIES LLC 9798 GIBRALTER DRCINCINNATI OH 45251,llc,True,True,False,False,medium,True,"['9798 GIBRALTER DR', '3443 NIAGARA ST', '10736 MAPLEHILL DR', '1878 WINDMILL WY', '10943 MAPLEHILL DR']",1.0,72,tier_2,"LLC entity (high investor probability); Medium portfolio (5 properties); 80%+ properties are absentee-owned; Name contains investor keywords (Properties, Holdings, etc.)",Probable Investor - Strong prospect
HFS PROPERTIES LLC,5,0,,,llc,True,True,False,False,medium,True,"['155 TURNER RIDGE DR', '157 TURNER RIDGE DR', '163 TURNER RIDGE DR', 'TURNER RIDGE DR', 'HARRISON AVE']",1.0,72,tier_2,"LLC entity (high investor probability); Medium portfolio (5 properties); 80%+ properties are absentee-owned; Name contains investor keywords (Properties, Holdings, etc.)",Probable Investor - Strong prospect
TEVA PROPERTIES LLC,5,0,,,llc,True,True,False,False,medium,True,"['4616 WARD ST', '4612 WARD ST', '813 #403 BROADWAY', '433 DORCHESTER AVE', '421 DORCHESTER AVE']",1.0,72,tier_2,"LLC entity (high investor probability); Medium portfolio (5 properties); 80%+ properties are absentee-owned; Name contains investor keywords (Properties, Holdings, etc.)",Probable Investor - Strong prospect
LAIDLAW INVESTMENTS LLC,5,0,,,llc,True,True,False,False,medium,True,"['3464 BEVIS AVE', '1227 ROSS AVE', '6154 FAIRCREST CT', '6363 SAVANNAH AVE', '9280 MEADOWGLEN DR']",1.0,72,tier_2,"LLC entity (high investor probability); Medium portfolio (5 properties); 80%+ properties are absentee-owned; Name contains investor keywords (Properties, Holdings, etc.)",Probable Investor - Strong prospect
MB & A REALTY GROUP LLC,5,0,,,llc,True,True,False,False,medium,True,"['843 FAIRBANKS AVE', '1796 DENHAM ST', '2079 HARKNESS ST', '2079 HARKNESS ST', '5945 LEFFINGWELL AVE']",1.0,72,tier_2,"LLC entity (high investor probability); Medium portfolio (5 properties); 80%+ properties are absentee-owned; Name contains investor keywords (Properties, Holdings, etc.)",Probable Investor - Strong prospect
CHAMBLISS & ASSOCIATES LLC,5,0,,,llc,True,False,False,False,medium,True,"['1816 CREST HILL AVE', '1146 RYLAND AVE', '4824 PADDOCK RD', '4818 PADDOCK RD', '4824 PADDOCK RD']",1.0,62,tier_2,LLC entity (high investor probability); Medium portfolio (5 properties); 80%+ properties are absentee-owned,Probable Investor - Strong prospect
GBGBOH LLC,5,0,,,llc,True,False,False,False,medium,True,"['108 VALENCIA ST', '4229 LANGLAND ST', '3414 GAMBLE AVE', '170 GARFIELD AVE', '466 W KEMPER RD']",1.0,62,tier_2,LLC entity (high investor probability); Medium portfolio (5 properties); 80%+ properties are absentee-owned,Probable Investor - Strong prospect
KITRICK INVESTMENTS LTD,5,0,,,partnership,True,True,False,False,medium,True,"['NOVNER DR', 'NOVNER DR', '7337 MONTGOMERY RD', 'MONTGOMERY RD', '7331 MONTGOMERY RD']",1.0,68,tier_2,"Partnership (likely investor); Medium portfolio (5 properties); 80%+ properties are absentee-owned; Name contains investor keywords (Properties, Holdings, etc.)",Probable Investor - Strong prospect
MC3 GROUP LTD,5,0,,,partnership,True,True,False,False,medium,True,"['3925 #1 SPRING GROVE AVE', '3925 #2 SPRING GROVE AVE', '3925 #3 SPRING GROVE AVE', '3925 #4 SPRING GROVE AVE', '3925 #5 SPRING GROVE AVE']",1.0,68,tier_2,"Partnership (likely investor); Medium portfolio (5 properties); 80%+ properties are absentee-owned; Name contains investor keywords (Properties, Holdings, etc.)",Probable Investor - Strong prospect
LINCAM GROUP LLC,5,0,,,llc,True,True,False,False,medium,True,"['4914 CHARLEMAR DR', '5834 ROBISON RD', '1304 CALIFORNIA AVE', '1843 CATALINA AVE', '6734 MONTGOMERY RD']",1.0,72,tier_2,"LLC entity (high investor probability); Medium portfolio (5 properties); 80%+ properties are absentee-owned; Name contains investor keywords (Properties, Holdings, etc.)",Probable Investor - Strong prospect
MADISON ROAD 6514 LLC,5,0,,,llc,True,False,False,False,medium,True,"['6414-6416 MADISON RD', '6516 MADISON RD', '6514 MADISON RD', '6500 MADISON RD', '6414 MADISON RD']",1.0,62,tier_2,LLC entity (high investor probability); Medium portfolio (5 properties); 80%+ properties are absentee-owned,Probable Investor - Strong prospect
CHEVIOT PROPERTY HOLDINGS LLC,5,0,,,llc,True,True,False,False,medium,True,"['3529 EPLEY LN', '3523 EPLEY LN', '5501 CHEVIOT RD', '5505 CHEVIOT RD', 'EPLEY LN']",1.0,72,tier_2,"LLC entity (high investor probability); Medium portfolio (5 properties); 80%+ properties are absentee-owned; Name contains investor keywords (Properties, Holdings, etc.)",Probable Investor - Strong prospect
BELCLARE DAYS INVESTMENTS LLC,5,203250,1767 TUPPERNCE TRILAWRENCEBURG IN 47025,BELCLARE DAYS INVESTMENTS LLC 1767 TUPPERNCE TRILAWRENCEBURG IN 47025,llc,True,True,False,False,medium,True,"['5210 13 BELCLARE RD', '5210 17 BELCLARE RD', '5212 25 BELCLARE RD', '5212 34 BELCLARE RD', '5212 36 BELCLARE RD']",1.0,72,tier_2,"LLC entity (high investor probability); Medium portfolio (5 properties); 80%+ properties are absentee-owned; Name contains investor keywords (Properties, Holdings, etc.)",Probable Investor - Strong prospect
MARINO HOLDINGS LLC,5,0,,,llc,True,True,False,False,medium,True,"['9833 MARINO DR', '9911 MARINO DR', '9988 MARINO DR', '9721 GIBRALTER DR', '9768 MARINO DR']",1.0,72,tier_2,"LLC entity (high investor probability); Medium portfolio (5 properties); 80%+ properties are absentee-owned; Name contains investor keywords (Properties, Holdings, etc.)",Probable Investor - Strong prospect
LE POENG OH LLC,5,0,,,llc,True,False,False,False,medium,True,"['3406 FERNCROFT DR', '6930 APRIL DR', '489 SUNLAND DR', '2432 LOURDES LN', '5704 ARKLOW CT']",1.0,62,tier_2,LLC entity (high investor probability); Medium portfolio (5 properties); 80%+ properties are absentee-owned,Probable Investor - Strong prospect
ABINGTON RACE & PLEASANT LLC,5,752000,21 W 13TH ST STE 100C/O POAH COMMUNITIES LLCCINCINNATI OH 45202,"POAH COMMUNITIES LLC 21 W 13TH ST, SUITE 100CINCINNATI OH 45202",llc,True,False,False,True,medium,True,"['1523-1527 7 RACE ST', '1529-1531 8 RACE ST', '1533-1535 9 RACE ST', '1530-1532 10 PLEASANT ST', '33 2 GREEN ST']",1.0,66,tier_2,LLC entity (high investor probability); Medium portfolio (5 properties); 80%+ properties are absentee-owned; Business address (suite/floor),Probable Investor - Strong prospect
LM -VP CINCINNATI LLC,5,0,,,llc,True,False,False,False,medium,True,"['MERCY HEALTH PL', '4728 READING RD', '4744 READING RD', '4734 READING RD', '4736 READING RD']",1.0,62,tier_2,LLC entity (high investor probability); Medium portfolio (5 properties); 80%+ properties are absentee-owned,Probable Investor - Strong prospect
ANCHOR BROTHERS PROPERTIES LTD,5,1081190,9909A SPRINGFIELD PIKECINCINNATI OH 45215,ANCHOR BROTHER PROPERTIES LTD 7102 GRACELY DR APT 1CINCINNATI OH 45233,partnership,True,True,False,False,medium,True,"['9362 WESTBURY DR', 'SPRINGFIELD PK', '9880 SPRINGFIELD PK', '9880 SPRINGFIELD PK', 'NOVNER DR']",1.0,68,tier_2,"Partnership (likely investor); Medium portfolio (5 properties); 80%+ properties are absentee-owned; Name contains investor keywords (Properties, Holdings, etc.)",Probable Investor - Strong prospect
TENET EQUITY TRS II LLC,5,0,,,llc,True,False,False,False,medium,True,"['6123 COLERAIN AVE', '6095 COLERAIN AVE', '6111 COLERAIN AVE', '6121 COLERAIN AVE', '6133 COLERAIN AVE']",1.0,62,tier_2,LLC entity (high investor probability); Medium portfolio (5 properties); 80%+ properties are absentee-owned,Probable Investor - Strong prospect
HJH REALTY CORP,5,0,,,corporation,True,True,False,False,medium,True,"['39 1 E COURT ST', '39 2 E COURT ST', '39 3 E COURT ST', '39 4 E COURT ST', 'COURT ST']",1.0,69,tier_2,"Corporation (likely investor); Medium portfolio (5 properties); 80%+ properties are absentee-owned; Name contains investor keywords (Properties, Holdings, etc.)",Probable Investor - Strong prospect
PIZZERIA PROPERTIES LLC,5,0,,,llc,True,True,False,False,medium,True,"['7309 MONTGOMERY RD', '7315 MONTGOMERY RD', '7319 MONTGOMERY RD', '6905 SILVERTON AVE', '6915 SILVERTON AVE']",1.0,72,tier_2,"LLC entity (high investor probability); Medium portfolio (5 properties); 80%+ properties are absentee-owned; Name contains investor keywords (Properties, Holdings, etc.)",Probable Investor - Strong prospect
HIGHLAND HOLDINGS OF CINCINNATI LLC,5,0,,,llc,True,True,False,False,medium,True,"['2669 HIGHLAND AVE', '2667 HIGHLAND AVE', '2625 EDEN AVE', '2625 EDEN AVE', '246 OAK ST']",1.0,72,tier_2,"LLC entity (high investor probability); Medium portfolio (5 properties); 80%+ properties are absentee-owned; Name contains investor keywords (Properties, Holdings, etc.)",Probable Investor - Strong prospect
BHM PROPERTIES LLC,5,515960,4050 SPRING GROVE AVECINCINNATI OH 45223,BHM PROPERTIES LLC 4050 SPRING GROVE AVECINCINNATI OH 45223,llc,True,True,False,False,medium,True,"['4050 SPRING GROVE AVE', '4048 SPRING GROVE AVE', '4124 SPRING GROVE AVE', '4112 SPRING GROVE AVE', '4118 SPRING GROVE AVE']",1.0,72,tier_2,"LLC entity (high investor probability); Medium portfolio (5 properties); 80%+ properties are absentee-owned; Name contains investor keywords (Properties, Holdings, etc.)",Probable Investor - Strong prospect
BLUE CHIP RENTAL PROPERTIES LLC,5,0,,,llc,True,True,False,False,medium,True,"['3318 FAIRFIELD AVE', '1214 WESSELS AVE', '2602 QUEEN CITY AVE', '185 FIRST ST', '1153 SCHUMARD AVE']",1.0,72,tier_2,"LLC entity (high investor probability); Medium portfolio (5 properties); 80%+ properties are absentee-owned; Name contains investor keywords (Properties, Holdings, etc.)",Probable Investor - Strong prospect
CHASE AVENUE LLC,5,0,,,llc,True,False,False,False,medium,True,"['1626 CHASE AVE', '1626 CHASE AVE', '1622 CHASE AVE', '1618 CHASE AVE', '4201 HAMILTON AVE']",1.0,62,tier_2,LLC entity (high investor probability); Medium portfolio (5 properties); 80%+ properties are absentee-owned,Probable Investor - Strong prospect
MALICE LLC,5,0,,,llc,True,False,False,False,medium,True,"['1854 ANDINA AVE', '2160 STAEBLER ST', '3205 W EIGHTH ST', '1631 DEWEY AVE', '4024 HEYWARD ST']",1.0,62,tier_2,LLC entity (high investor probability); Medium portfolio (5 properties); 80%+ properties are absentee-owned,Probable Investor - Strong prospect
PMC SPECIALTIES GROUP INC,4,0,,,corporation,True,True,False,False,small,True,"['501 MURRAY RD', '501 R MURRAY RD', '501 MURRAY RD', '5220 VINE ST']",1.0,64,tier_2,"Corporation (likely investor); Small portfolio (4 properties); 80%+ properties are absentee-owned; Name contains investor keywords (Properties, Holdings, etc.)",Probable Investor - Strong prospect
KIST PROPERTIES LLC,4,0,,,llc,True,True,False,False,small,True,"['316 N HILL ST', '108 S STATE ST', '404 HARRISON AVE', '108 S STATE ST']",1.0,67,tier_2,"LLC entity (high investor probability); Small portfolio (4 properties); 80%+ properties are absentee-owned; Name contains investor keywords (Properties, Holdings, etc.)",Probable Investor - Strong prospect
SWA SOUTH BEND PROPERTIES LLC,4,0,,,llc,True,True,False,False,small,True,"['3442 LARONA AVE', '1344 JOSEPH ST', '4216 W EIGHTH ST', '414 N WAYNE AVE']",1.0,67,tier_2,"LLC entity (high investor probability); Small portfolio (4 properties); 80%+ properties are absentee-owned; Name contains investor keywords (Properties, Holdings, etc.)",Probable Investor - Strong prospect
GASLIGHT VENTURES II LLC,4,0,,,llc,True,True,False,False,small,True,"['132 E SHIELDS ST', '129 LOUIS AVE', '130 E SHIELDS ST', '130 E SHIELDS ST']",1.0,67,tier_2,"LLC entity (high investor probability); Small portfolio (4 properties); 80%+ properties are absentee-owned; Name contains investor keywords (Properties, Holdings, etc.)",Probable Investor - Strong prospect
SW OHIO GROUP LLC,4,0,,,llc,True,True,False,False,small,True,"['1607 CENTRAL AVE', '6046 BUDMAR AVE', '1609 LLANFAIR AVE', '1609 LLANFAIR AVE']",1.0,67,tier_2,"LLC entity (high investor probability); Small portfolio (4 properties); 80%+ properties are absentee-owned; Name contains investor keywords (Properties, Holdings, etc.)",Probable Investor - Strong prospect
LOVELAND SUNRISE PROPERTIES LLC,4,0,,,llc,True,True,False,False,small,True,"['237 ONEIDA DR', '1301 SUNRISE DR', '915 BELLWOOD DR', '35 HIGHRIDGE DR']",1.0,67,tier_2,"LLC entity (high investor probability); Small portfolio (4 properties); 80%+ properties are absentee-owned; Name contains investor keywords (Properties, Holdings, etc.)",Probable Investor - Strong prospect
KIP INVESTMENTS GROUP LLC,4,0,,,llc,True,True,False,False,small,True,"['6525 CHANDLER ST', '841 FAIRBANKS AVE', '839 FAIRBANKS AVE', '837 FAIRBANKS AVE']",1.0,67,tier_2,"LLC entity (high investor probability); Small portfolio (4 properties); 80%+ properties are absentee-owned; Name contains investor keywords (Properties, Holdings, etc.)",Probable Investor - Strong prospect
KMA HOLDINGS LLC,4,0,,,llc,True,True,False,False,small,True,"['3659 HEEKIN AVE', '2739 CHURCH ST', '7085 MONONGAHELA DR', '3691 ARROW POINT WY']",1.0,67,tier_2,"LLC entity (high investor probability); Small portfolio (4 properties); 80%+ properties are absentee-owned; Name contains investor keywords (Properties, Holdings, etc.)",Probable Investor - Strong prospect
LINN STREET HOLDINGS LLC,4,0,,,llc,True,True,False,False,small,True,"['801 W EIGHTH ST', '809 W SEVENTH ST', '644 LINN ST', '695 GEST ST']",1.0,67,tier_2,"LLC entity (high investor probability); Small portfolio (4 properties); 80%+ properties are absentee-owned; Name contains investor keywords (Properties, Holdings, etc.)",Probable Investor - Strong prospect
BELCLARE PROPERTIES LLC,4,2630760,7547 COPPER CREEK LNCINCINNATI OH 45247,BELCLARE PROPERTIES LLC 7547 COPPER CREEK LNCINCINNATI OH 45247,llc,True,True,False,False,small,True,"['5257 BELCLARE RD', '6372 HARRISON AVE', '6306 HARRISON AVE', '6302 HARRISON AVE']",1.0,67,tier_2,"LLC entity (high investor probability); Small portfolio (4 properties); 80%+ properties are absentee-owned; Name contains investor keywords (Properties, Holdings, etc.)",Probable Investor - Strong prospect
BELFORD HOMES INC,4,138000,6636 HONEY SUCKLE LNMAINEVILLE OH 45039,BELFORD HOMES INC 6636 HONEY SUCKLE LNMAINEVILLE OH 45039,corporation,True,True,False,False,small,True,"['FOXCOVE CT', 'FOXCOVE CT', 'FOXCOVE CT', 'FOXCOVE CT']",1.0,64,tier_2,"Corporation (likely investor); Small portfolio (4 properties); 80%+ properties are absentee-owned; Name contains investor keywords (Properties, Holdings, etc.)",Probable Investor - Strong prospect
TEARDROP HOLDINGS LLC,4,0,,,llc,True,True,False,False,small,True,"['4218 VERNE AVE', '981 HATCH ST', '6663 SANDALWOOD LN', '4109 GROVE AVE']",1.0,67,tier_2,"LLC entity (high investor probability); Small portfolio (4 properties); 80%+ properties are absentee-owned; Name contains investor keywords (Properties, Holdings, etc.)",Probable Investor - Strong prospect
SWF PROPERTIES LLC,4,0,,,llc,True,True,False,False,small,True,"['621 CLEMMER AVE', '625 CLEMMER AVE', '621 CLEMMER AVE', '2805 STRATFORD AVE']",1.0,67,tier_2,"LLC entity (high investor probability); Small portfolio (4 properties); 80%+ properties are absentee-owned; Name contains investor keywords (Properties, Holdings, etc.)",Probable Investor - Strong prospect
KODIAK INVESTOR GROUP LLC,4,0,,,llc,True,True,False,False,small,True,"['11675 MONTVALE DR', 'WILLOWSPRING CT', '2756 OVERDALE DR', '21 ILLINOIS AVE']",1.0,67,tier_2,"LLC entity (high investor probability); Small portfolio (4 properties); 80%+ properties are absentee-owned; Name contains investor keywords (Properties, Holdings, etc.)",Probable Investor - Strong prospect
LMI REAL ESTATE LLC,4,0,,,llc,True,True,False,False,small,True,"['1041 FAIRBANKS AVE', '1017 ROSEMONT AVE', '6881 RUTHERFORD CT', '7001 GOLFWAY DR']",1.0,67,tier_2,"LLC entity (high investor probability); Small portfolio (4 properties); 80%+ properties are absentee-owned; Name contains investor keywords (Properties, Holdings, etc.)",Probable Investor - Strong prospect
MARKET SQUARE I LLC % MODEL GROUP,4,0,,,llc,True,True,False,False,small,True,"['1808 RACE ST', '1810 RACE ST', '1812 RACE ST', '1814 RACE ST']",1.0,67,tier_2,"LLC entity (high investor probability); Small portfolio (4 properties); 80%+ properties are absentee-owned; Name contains investor keywords (Properties, Holdings, etc.)",Probable Investor - Strong prospect
MARKEL PROPERTIES LLC,4,0,,,llc,True,True,False,False,small,True,"['2969 GLENDALE MILFORD RD', '2969 GLENDALE MILFORD RD', '2969 GLENDALE MILFORD RD', '10735 READING RD']",1.0,67,tier_2,"LLC entity (high investor probability); Small portfolio (4 properties); 80%+ properties are absentee-owned; Name contains investor keywords (Properties, Holdings, etc.)",Probable Investor - Strong prospect
LM&REV REALTY LLC,4,0,,,llc,True,True,False,False,small,True,"['2113 W CLIFTON AVE', '2107 W CLIFTON AVE', '2312 RAVINE ST', '2520 RAVINE ST']",1.0,67,tier_2,"LLC entity (high investor probability); Small portfolio (4 properties); 80%+ properties are absentee-owned; Name contains investor keywords (Properties, Holdings, etc.)",Probable Investor - Strong prospect
KOMER CAPITAL MANAGEMENT LLC,4,0,,,llc,True,True,False,False,small,True,"['4204 WILLIAMSON PL', '1325 CHASE AVE', '4228 DANE AVE', '4539 SMITH RD']",1.0,67,tier_2,"LLC entity (high investor probability); Small portfolio (4 properties); 80%+ properties are absentee-owned; Name contains investor keywords (Properties, Holdings, etc.)",Probable Investor - Strong prospect
PINGREE 2000 REAL ESTATE HOLDINGS LLC,4,0,,,llc,True,True,False,False,small,True,"['2530 READING RD', '11008 HAMILTON AVE', '9015 FIELDS ERTEL RD', '12140 ROYAL POINTE DR']",1.0,67,tier_2,"LLC entity (high investor probability); Small portfolio (4 properties); 80%+ properties are absentee-owned; Name contains investor keywords (Properties, Holdings, etc.)",Probable Investor - Strong prospect
SYCAMORE & THIRD REALTY LLC,4,0,,,llc,True,True,False,False,small,True,"['226 E THIRD ST', '232 E THIRD ST', '234 SYCAMORE ST', '230 E THIRD ST']",1.0,67,tier_2,"LLC entity (high investor probability); Small portfolio (4 properties); 80%+ properties are absentee-owned; Name contains investor keywords (Properties, Holdings, etc.)",Probable Investor - Strong prospect
SXSA PROPERTY GROUP LLC,4,0,,,llc,True,True,False,False,small,True,"['9431 HADDINGTON CT', '3465 5E STATEWOOD DR', '3234 58 HERITAGE SQUARE DR', '10140 SPRINGBEAUTY LN']",1.0,67,tier_2,"LLC entity (high investor probability); Small portfolio (4 properties); 80%+ properties are absentee-owned; Name contains investor keywords (Properties, Holdings, etc.)",Probable Investor - Strong prospect
PIVOTAL LAND HOLDING LLC,4,0,,,llc,True,True,False,False,small,True,"['BROWN AVE', 'SPRINGER AVE', 'SPRINGER AVE', 'BROWN AVE']",1.0,67,tier_2,"LLC entity (high investor probability); Small portfolio (4 properties); 80%+ properties are absentee-owned; Name contains investor keywords (Properties, Holdings, etc.)",Probable Investor - Strong prospect
KNIGHT HOMES LLC,4,0,,,llc,True,True,False,False,small,True,"['1136 GILSEY AVE', '1528 BEECH AVE', '1526 BEECH AVE', '6343 MEIS AVE']",1.0,67,tier_2,"LLC entity (high investor probability); Small portfolio (4 properties); 80%+ properties are absentee-owned; Name contains investor keywords (Properties, Holdings, etc.)",Probable Investor - Strong prospect
KINDELL INVESTMENTS LLC,4,0,,,llc,True,True,False,False,small,True,"['512 GREENWELL AVE', '520 GREENWELL AVE', '4235 TOWER AVE', '4231 TOWER AVE']",1.0,67,tier_2,"LLC entity (high investor probability); Small portfolio (4 properties); 80%+ properties are absentee-owned; Name contains investor keywords (Properties, Holdings, etc.)",Probable Investor - Strong prospect
BEECHER STREET APARTMENTS LLC,4,1887730,310 TERRACE AVE SUITE 200CINCINNATI OH 45220,FIRST STATE BANK LOAN ESCROW SERVICING DEPARTMENTPO BOX 129WINCHESTER OH 45697,llc,True,False,False,True,small,True,"['830 846 BEECHER ST', '838 846 BEECHER ST', '846 BEECHER ST', '836 BEECHER ST']",1.0,61,tier_2,LLC entity (high investor probability); Small portfolio (4 properties); 80%+ properties are absentee-owned; Business address (suite/floor),Probable Investor - Strong prospect
HENDON PROPERTIES LTD,4,0,,,partnership,True,True,False,False,small,True,"['4210 SCHENCK AVE', '4106 ORCHARD LN', '126 GEBERT ST', '126 GEBERT ST']",1.0,63,tier_2,"Partnership (likely investor); Small portfolio (4 properties); 80%+ properties are absentee-owned; Name contains investor keywords (Properties, Holdings, etc.)",Probable Investor - Strong prospect
LZ1201 PROPERTIES LLC,4,0,,,llc,True,True,False,False,small,True,"['2341 OHIO AVE', '2331 OHIO AVE', '4655 NORTHFIELD RD', '4651 NORTHFIELD RD']",1.0,67,tier_2,"LLC entity (high investor probability); Small portfolio (4 properties); 80%+ properties are absentee-owned; Name contains investor keywords (Properties, Holdings, etc.)",Probable Investor - Strong prospect
PICTURE PERFECT RENTAL PROPERTIES LLC,4,0,,,llc,True,True,False,False,small,True,"['5638 SPRINGDALE RD', '2522 VERA AVE', '2531 VERA AVE', '10155 ANDALUSIA CLOSE']",1.0,67,tier_2,"LLC entity (high investor probability); Small portfolio (4 properties); 80%+ properties are absentee-owned; Name contains investor keywords (Properties, Holdings, etc.)",Probable Investor - Strong prospect
LYNNICK INVESTMENTS NO 1 LLC,4,0,,,llc,True,True,False,False,small,True,"['4555 COOPER RD', '4619 COOPER RD', '4516 LESLIE AVE', '9260 BLUE ASH RD']",1.0,67,tier_2,"LLC entity (high investor probability); Small portfolio (4 properties); 80%+ properties are absentee-owned; Name contains investor keywords (Properties, Holdings, etc.)",Probable Investor - Strong prospect
LYON STREET RENTALS LLC,4,0,,,llc,True,True,False,False,small,True,"['216 LYON ST', '212 LYON ST', '205 LYON ST', '220 LYON ST']",1.0,67,tier_2,"LLC entity (high investor probability); Small portfolio (4 properties); 80%+ properties are absentee-owned; Name contains investor keywords (Properties, Holdings, etc.)",Probable Investor - Strong prospect
MAD PROPERTIES LLC,4,0,,,llc,True,True,False,False,small,True,"['5629 MADISON RD', '4901-4907 WHETSEL AVE', '5801 PRENTICE ST', '8261 BATAVIA RD']",1.0,67,tier_2,"LLC entity (high investor probability); Small portfolio (4 properties); 80%+ properties are absentee-owned; Name contains investor keywords (Properties, Holdings, etc.)",Probable Investor - Strong prospect
KRAM PROPERTIES LLC,4,0,,,llc,True,True,False,False,small,True,"['11494 HICKORY ST', '11494 HICKORY ST', '357 CHURCH ST', '341 CHURCH ST']",1.0,67,tier_2,"LLC entity (high investor probability); Small portfolio (4 properties); 80%+ properties are absentee-owned; Name contains investor keywords (Properties, Holdings, etc.)",Probable Investor - Strong prospect
BLUEMAR PROPERTIES LLC,4,0,,,llc,True,True,False,False,small,True,"['3101 ROCKACRES CT', '7252 SWIRLWOOD LN', '6981 APRIL DR', '3415 OAKMEADOW LN']",1.0,67,tier_2,"LLC entity (high investor probability); Small portfolio (4 properties); 80%+ properties are absentee-owned; Name contains investor keywords (Properties, Holdings, etc.)",Probable Investor - Strong prospect
LAINHART PROPERTIES LLC,4,0,,,llc,True,True,False,False,small,True,"['3511 BOUDINOT AVE', '2553 NORTH BEND RD', '2513 FLANIGAN CT', '7419 WERNER AVE']",1.0,67,tier_2,"LLC entity (high investor probability); Small portfolio (4 properties); 80%+ properties are absentee-owned; Name contains investor keywords (Properties, Holdings, etc.)",Probable Investor - Strong prospect
AMF INVESTMENTS LLC,4,363310,P O BOX 18173CINCINNATI OH 452180173,AMF INVESTMENTS LLC P O BOX 18173CINCINNATI OH 452180173,llc,True,True,False,False,small,True,"['1228 MADELEINE CR', '1862 WINDMILL WY', '1863 WINDMILL WY', '1975 LOTUSHILL DR']",1.0,67,tier_2,"LLC entity (high investor probability); Small portfolio (4 properties); 80%+ properties are absentee-owned; Name contains investor keywords (Properties, Holdings, etc.)",Probable Investor - Strong prospect
EVOLUTION HOMES LLC,4,0,,,llc,True,True,False,False,small,True,"['2903 DAYTONA AVE', '2905 DAYTONA AVE', '7034 HEARNE RD', '1841 MILLS AVE']",1.0,67,tier_2,"LLC entity (high investor probability); Small portfolio (4 properties); 80%+ properties are absentee-owned; Name contains investor keywords (Properties, Holdings, etc.)",Probable Investor - Strong prospect
BLACK FOREST GROUP LLC,4,0,,,llc,True,True,False,False,small,True,"['2307 KENTON ST', '2309 KENTON ST', '7025 WALLACE AVE', '7406 DAWSON RD']",1.0,67,tier_2,"LLC entity (high investor probability); Small portfolio (4 properties); 80%+ properties are absentee-owned; Name contains investor keywords (Properties, Holdings, etc.)",Probable Investor - Strong prospect
LHH INVESTMENT PROPERTIES LLC,4,0,,,llc,True,True,False,False,small,True,"['3011 MARSHALL AVE', '8876 PLANET DR', '7232 2 CREEKVIEW DR', '1835 LOTUSHILL DR']",1.0,67,tier_2,"LLC entity (high investor probability); Small portfolio (4 properties); 80%+ properties are absentee-owned; Name contains investor keywords (Properties, Holdings, etc.)",Probable Investor - Strong prospect
BMB RENTAL PROPERTIES LLC,4,0,,,llc,True,True,False,False,small,True,"['7752 15 MONTGOMERY RD', '7752 30 MONTGOMERY RD', '7752 39 MONTGOMERY RD', '7752 55 MONTGOMERY RD']",1.0,67,tier_2,"LLC entity (high investor probability); Small portfolio (4 properties); 80%+ properties are absentee-owned; Name contains investor keywords (Properties, Holdings, etc.)",Probable Investor - Strong prospect
BEN PROPERTIES HOLDING II LLC,4,540990,3322 BISHOP STCINCINNATI OH 45220,BEN PROPERTIES HOLDING II LLC 3322 BISHOP STCINCINNATI OH 45220,llc,True,True,False,False,small,True,"['2374 CHICKASAW ST', '2351 WHEELER ST', '2368 WHEELER ST', '2546 VESTRY AVE']",1.0,67,tier_2,"LLC entity (high investor probability); Small portfolio (4 properties); 80%+ properties are absentee-owned; Name contains investor keywords (Properties, Holdings, etc.)",Probable Investor - Strong prospect
LIBERTY REAL ESTATE ENTERPRISES LLC,4,0,,,llc,True,True,False,False,small,True,"['1031 META DR', '1050 META DR', '4910 PARA DR', 'META DR']",1.0,67,tier_2,"LLC entity (high investor probability); Small portfolio (4 properties); 80%+ properties are absentee-owned; Name contains investor keywords (Properties, Holdings, etc.)",Probable Investor - Strong prospect
BIRCK INVESTMENTS LTD,4,0,,,partnership,True,True,False,False,small,True,"['1030 LOCKMAN AVE', '1062 BENZ AVE', '7222 8 CREEKVIEW DR', '3980 ELLJAY DR']",1.0,63,tier_2,"Partnership (likely investor); Small portfolio (4 properties); 80%+ properties are absentee-owned; Name contains investor keywords (Properties, Holdings, etc.)",Probable Investor - Strong prospect
TEN27 GROUP LLC,4,0,,,llc,True,True,False,False,small,True,"['GLENSPRINGS DR', '345 GLENSPRINGS DR', '2033 MAPLE AVE', '4539 MONTGOMERY RD']",1.0,67,tier_2,"LLC entity (high investor probability); Small portfolio (4 properties); 80%+ properties are absentee-owned; Name contains investor keywords (Properties, Holdings, etc.)",Probable Investor - Strong prospect
ESARDI PROPERTIES LLC,4,0,,,llc,True,True,False,False,small,True,"['7232 BOBBY LN', '7808 STYRAX LN', '7732 SPIREA DR', '6023 WINNETKA DR']",1.0,67,tier_2,"LLC entity (high investor probability); Small portfolio (4 properties); 80%+ properties are absentee-owned; Name contains investor keywords (Properties, Holdings, etc.)",Probable Investor - Strong prospect
BLBK PROPERTIES LLC,4,0,,,llc,True,True,False,False,small,True,"['2318 GLADSTONE AVE', '2320 GLADSTONE AVE', '2322 GLADSTONE AVE', '2373 FAIRVIEW AVE']",1.0,67,tier_2,"LLC entity (high investor probability); Small portfolio (4 properties); 80%+ properties are absentee-owned; Name contains investor keywords (Properties, Holdings, etc.)",Probable Investor - Strong prospect
BENO PROPERTIES LLC,4,218550,10901 REED HARTMAN HW #316CINCINNATI OH 45242,BENO PROPERTIES LLC 10901 REED HARTMAN HW #316CINCINNATI OH 45242,llc,True,True,False,False,small,True,"['1049 DELHI AVE', '1164 KUHLMAN AVE', '1034 FAIRBANKS AVE', '1879 KNOX ST']",1.0,67,tier_2,"LLC entity (high investor probability); Small portfolio (4 properties); 80%+ properties are absentee-owned; Name contains investor keywords (Properties, Holdings, etc.)",Probable Investor - Strong prospect
MCGEE RENTALS LLC,4,0,,,llc,True,True,False,False,small,True,"['403 HOME AVE', '606 N COOPER AVE', '215 DUNN ST', '217 DUNN ST']",1.0,67,tier_2,"LLC entity (high investor probability); Small portfolio (4 properties); 80%+ properties are absentee-owned; Name contains investor keywords (Properties, Holdings, etc.)",Probable Investor - Strong prospect
MCMILLAN CAPITAL GROUP LLC,4,0,,,llc,True,True,False,False,small,True,"['6234 SIERRA ST', '6236 SIERRA ST', '3307 3309 READING RD', '18 TOWER ST']",1.0,67,tier_2,"LLC entity (high investor probability); Small portfolio (4 properties); 80%+ properties are absentee-owned; Name contains investor keywords (Properties, Holdings, etc.)",Probable Investor - Strong prospect
ESJ INVESTMENTS LLC,4,0,,,llc,True,True,False,False,small,True,"['3930 EASTERN AVE', '4008 EASTERN AVE', '4014 EASTERN AVE', '4026 EASTERN AVE']",1.0,67,tier_2,"LLC entity (high investor probability); Small portfolio (4 properties); 80%+ properties are absentee-owned; Name contains investor keywords (Properties, Holdings, etc.)",Probable Investor - Strong prospect
MES REALTY LLC,4,0,,,llc,True,True,False,False,small,True,"['5250 KENNEDY AVE', '3365 HIGHLAND AVE', '5300 RIDGE AVE', '5286 RIDGE AVE']",1.0,67,tier_2,"LLC entity (high investor probability); Small portfolio (4 properties); 80%+ properties are absentee-owned; Name contains investor keywords (Properties, Holdings, etc.)",Probable Investor - Strong prospect
TERRACE APARTMENT HOLDINGS LLC,4,0,,,llc,True,True,False,False,small,True,"['339 TERRACE AVE', '323 TERRACE AVE', '331 TERRACE AVE', '327 TERRACE AVE']",1.0,67,tier_2,"LLC entity (high investor probability); Small portfolio (4 properties); 80%+ properties are absentee-owned; Name contains investor keywords (Properties, Holdings, etc.)",Probable Investor - Strong prospect
PERKINS AVE INVESTMENTS LLP,4,0,,,partnership,True,True,False,False,small,True,"['3321 PERKINS AVE', '3310 PERKINS AVE', '3324 PERKINS AVE', '155 CHURCH ST']",1.0,63,tier_2,"Partnership (likely investor); Small portfolio (4 properties); 80%+ properties are absentee-owned; Name contains investor keywords (Properties, Holdings, etc.)",Probable Investor - Strong prospect
KULIK PROPERTY MANAGEMENT LLC,4,0,,,llc,True,True,False,False,small,True,"['2368 FLORA ST', '9 W HOLLISTER ST', '15 W HOLLISTER ST', '17 W HOLLISTER ST']",1.0,67,tier_2,"LLC entity (high investor probability); Small portfolio (4 properties); 80%+ properties are absentee-owned; Name contains investor keywords (Properties, Holdings, etc.)",Probable Investor - Strong prospect
CHATAUQUA PROPERTIES LLC,4,0,,,llc,True,True,False,False,small,True,"['2352 OHIO AVE', '2346 OHIO AVE', '425 SOUTHVIEW AVE', '2409 OHIO AVE']",1.0,67,tier_2,"LLC entity (high investor probability); Small portfolio (4 properties); 80%+ properties are absentee-owned; Name contains investor keywords (Properties, Holdings, etc.)",Probable Investor - Strong prospect
CHATEAU BELCLARE PROPERTIES LLC,4,0,,,llc,True,True,False,False,small,True,"['5208 4 BELCLARE RD', '5208 8 BELCLARE RD', '5210 21 BELCLARE RD', '5212 26 BELCLARE RD']",1.0,67,tier_2,"LLC entity (high investor probability); Small portfolio (4 properties); 80%+ properties are absentee-owned; Name contains investor keywords (Properties, Holdings, etc.)",Probable Investor - Strong prospect
CHAPEL PROPERTIES LLC,4,0,,,llc,True,True,False,False,small,True,"['2200 1202 VICTORY PW', '2200 1705 VICTORY PW', '2200 501 VICTORY PW', '7135 THORNDALE LN']",1.0,67,tier_2,"LLC entity (high investor probability); Small portfolio (4 properties); 80%+ properties are absentee-owned; Name contains investor keywords (Properties, Holdings, etc.)",Probable Investor - Strong prospect
LAZZELLE REALTY LLC,4,0,,,llc,True,True,False,False,small,True,"['525 LIVINGSTON ST', '411 CRESTLINE AVE', '411 CRESTLINE AVE', '2081 BICKEL AVE']",1.0,67,tier_2,"LLC entity (high investor probability); Small portfolio (4 properties); 80%+ properties are absentee-owned; Name contains investor keywords (Properties, Holdings, etc.)",Probable Investor - Strong prospect
KTDJ PROPERTIES LLC,4,0,,,llc,True,True,False,False,small,True,"['482 MERRYMAID LN', '9206 RANCHILL DR', '1958 BLUEHILL DR', '312 DAVIS ST']",1.0,67,tier_2,"LLC entity (high investor probability); Small portfolio (4 properties); 80%+ properties are absentee-owned; Name contains investor keywords (Properties, Holdings, etc.)",Probable Investor - Strong prospect
LB BUSINESS INVESTMENTS LLC,4,0,,,llc,True,True,False,False,small,True,"['2846 HENSHAW AVE', '2853 SIDNEY AVE', '1044 BADER ST', '1040 BADER ST']",1.0,67,tier_2,"LLC entity (high investor probability); Small portfolio (4 properties); 80%+ properties are absentee-owned; Name contains investor keywords (Properties, Holdings, etc.)",Probable Investor - Strong prospect
LE STEELE PROPERTIES LLC,4,0,,,llc,True,True,False,False,small,True,"['8905 HOPEWELL RD', 'HOPEWELL RD', '8905 HOPEWELL RD', '8905 HOPEWELL RD']",1.0,67,tier_2,"LLC entity (high investor probability); Small portfolio (4 properties); 80%+ properties are absentee-owned; Name contains investor keywords (Properties, Holdings, etc.)",Probable Investor - Strong prospect
KRP INVESTMENTS LLC,4,0,,,llc,True,True,False,False,small,True,"['838 REEDY ST', '505 E COURT ST', '505 E COURT ST', '507 E COURT ST']",1.0,67,tier_2,"LLC entity (high investor probability); Small portfolio (4 properties); 80%+ properties are absentee-owned; Name contains investor keywords (Properties, Holdings, etc.)",Probable Investor - Strong prospect
PENNINGTON COURT APARTMENT HOLDING LLC,4,0,,,llc,True,True,False,False,small,True,"['1072 PENNINGTON CT', '1080 PENNINGTON CT', 'PENNINGTON CT', '1089 PENNINGTON CT']",1.0,67,tier_2,"LLC entity (high investor probability); Small portfolio (4 properties); 80%+ properties are absentee-owned; Name contains investor keywords (Properties, Holdings, etc.)",Probable Investor - Strong prospect
TEPE PROPERTIES LLC,4,0,,,llc,True,True,False,False,small,True,"['7021 CLEVES WARSAW PK', '8450 DRY FORK RD', 'DRY FORK RD', '8452 DRY FORK RD']",1.0,67,tier_2,"LLC entity (high investor probability); Small portfolio (4 properties); 80%+ properties are absentee-owned; Name contains investor keywords (Properties, Holdings, etc.)",Probable Investor - Strong prospect
BELT PROPERTIES LLC,4,358910,11529 DEER TRACE LNHARRISON OH 45030,BELT PROPERTIES LLC 11529 DEER TRACE LNHARRISON OH 45030,llc,True,True,False,False,small,True,"['7516 NEW HAVEN RD', '223 N HILL ST', '14 MAIN ST', '408 FINLEY ST']",1.0,67,tier_2,"LLC entity (high investor probability); Small portfolio (4 properties); 80%+ properties are absentee-owned; Name contains investor keywords (Properties, Holdings, etc.)",Probable Investor - Strong prospect
PEPPER REAL ESTATE HOLDINGS LLC,4,0,,,llc,True,True,False,False,small,True,"['100 WILLIAMS ST', '100 WILLIAMS ST', '120 WILLIAMS ST', 'WILLIAMS ST']",1.0,67,tier_2,"LLC entity (high investor probability); Small portfolio (4 properties); 80%+ properties are absentee-owned; Name contains investor keywords (Properties, Holdings, etc.)",Probable Investor - Strong prospect
LIGHTBORNE PROPERTIES LLC,4,0,,,llc,True,True,False,False,small,True,"['1401 SYCAMORE ST', '210 1 E FOURTEENTH ST', '210 2 E FOURTEENTH ST', '210 3 E FOURTEENTH ST']",1.0,67,tier_2,"LLC entity (high investor probability); Small portfolio (4 properties); 80%+ properties are absentee-owned; Name contains investor keywords (Properties, Holdings, etc.)",Probable Investor - Strong prospect
ABOUELSEOUD HOLDINGS LLC,4,568650,7971 TWIN CREEK TRACEWEST CHESTER OH 45069,ABOUELSEOUD HOLDINGS LLC 7971 TWIN CREEK TRACEWEST CHESTER OH 45069,llc,True,True,False,False,small,True,"['823 TIVOLI LN', '1600 CONTINENTAL DR', '1760 CONTINENTAL DR', '1696 CONTINENTAL DR']",1.0,67,tier_2,"LLC entity (high investor probability); Small portfolio (4 properties); 80%+ properties are absentee-owned; Name contains investor keywords (Properties, Holdings, etc.)",Probable Investor - Strong prospect
MFB PROPERTIES LLC,4,0,,,llc,True,True,False,False,small,True,"['3902 EDWARDS RD', '3232 BERESFORD AVE', '3255 GAFF AVE', '2208 OHIO AVE']",1.0,67,tier_2,"LLC entity (high investor probability); Small portfolio (4 properties); 80%+ properties are absentee-owned; Name contains investor keywords (Properties, Holdings, etc.)",Probable Investor - Strong prospect
HINSDALE PROPERTIES LLC,3,0,,,llc,True,True,False,False,small,True,"['3946 MILLSBRAE AVE', '3954 MILLSBRAE AVE', '3950 MILLSBRAE AVE']",1.0,67,tier_2,"LLC entity (high investor probability); Small portfolio (3 properties); 80%+ properties are absentee-owned; Name contains investor keywords (Properties, Holdings, etc.)",Probable Investor - Strong prospect
PJOF PROPERTIES LLC,3,0,,,llc,True,True,False,False,small,True,"['25 W HOLLISTER ST', '29 W HOLLISTER ST', '33 W HOLLISTER ST']",1.0,67,tier_2,"LLC entity (high investor probability); Small portfolio (3 properties); 80%+ properties are absentee-owned; Name contains investor keywords (Properties, Holdings, etc.)",Probable Investor - Strong prospect
MAGEE PROPERTIES LLC,3,0,,,llc,True,True,False,False,small,True,"['800 E ROSS AVE', '800 E ROSS AVE', '800 E ROSS AVE']",1.0,67,tier_2,"LLC entity (high investor probability); Small portfolio (3 properties); 80%+ properties are absentee-owned; Name contains investor keywords (Properties, Holdings, etc.)",Probable Investor - Strong prospect
BMOLLOY RENTAL PROPERTIES LLC,3,0,,,llc,True,True,False,False,small,True,"['10744 INVICTA CR', '879 NORTH HILL LN', '1805 CORDOVA AVE']",1.0,67,tier_2,"LLC entity (high investor probability); Small portfolio (3 properties); 80%+ properties are absentee-owned; Name contains investor keywords (Properties, Holdings, etc.)",Probable Investor - Strong prospect
PERT PROPERTIES LLC,3,0,,,llc,True,True,False,False,small,True,"['5306 FOX RD', '3421 AMBERWAY CT', '12053 SHERATON LN']",1.0,67,tier_2,"LLC entity (high investor probability); Small portfolio (3 properties); 80%+ properties are absentee-owned; Name contains investor keywords (Properties, Holdings, etc.)",Probable Investor - Strong prospect
MAGINE PROPERTIES LLC,3,0,,,llc,True,True,False,False,small,True,"['2101 FLORENCE AVE', '2101 FLORENCE AVE', 'MARQUIS ST']",1.0,67,tier_2,"LLC entity (high investor probability); Small portfolio (3 properties); 80%+ properties are absentee-owned; Name contains investor keywords (Properties, Holdings, etc.)",Probable Investor - Strong prospect
BMC RE HOLDING I LLC,3,0,,,llc,True,True,False,False,small,True,"['11755 LEBANON RD', '11711 LEBANON RD', '11697 LEBANON RD']",1.0,67,tier_2,"LLC entity (high investor probability); Small portfolio (3 properties); 80%+ properties are absentee-owned; Name contains investor keywords (Properties, Holdings, etc.)",Probable Investor - Strong prospect
BLYTHE BURKHOLDER INVESTMENTS LLC,3,0,,,llc,True,True,False,False,small,True,"['1068 DELHI AVE', '8319 NEWBURY ST', '777 HARGROVE WY']",1.0,67,tier_2,"LLC entity (high investor probability); Small portfolio (3 properties); 80%+ properties are absentee-owned; Name contains investor keywords (Properties, Holdings, etc.)",Probable Investor - Strong prospect
MEERA REAL ESTATE LLC,3,0,,,llc,True,True,False,False,small,True,"['4152 HAMILTON AVE', '2542 ONTARIO ST', '1964 LOTUSHILL DR']",1.0,67,tier_2,"LLC entity (high investor probability); Small portfolio (3 properties); 80%+ properties are absentee-owned; Name contains investor keywords (Properties, Holdings, etc.)",Probable Investor - Strong prospect
BLESER INVESTMENT PROPERTIES WEST LTD,3,0,,,partnership,True,True,False,False,small,True,"['7181 GAINES RD', '6288 CHEVIOT RD', '6266 CHEVIOT RD']",1.0,63,tier_2,"Partnership (likely investor); Small portfolio (3 properties); 80%+ properties are absentee-owned; Name contains investor keywords (Properties, Holdings, etc.)",Probable Investor - Strong prospect
MEINE KINDER PROPERTIES LLC,3,0,,,llc,True,True,False,False,small,True,"['5465 LESTER RD', '5455 LESTER RD', '4648 WINTON RD']",1.0,67,tier_2,"LLC entity (high investor probability); Small portfolio (3 properties); 80%+ properties are absentee-owned; Name contains investor keywords (Properties, Holdings, etc.)",Probable Investor - Strong prospect
BLUE HILL RENTALS LLC,3,0,,,llc,True,True,False,False,small,True,"['2216 ST JAMES AVE', '2132 ST JAMES AVE', '6944 SILVERTON AVE']",1.0,67,tier_2,"LLC entity (high investor probability); Small portfolio (3 properties); 80%+ properties are absentee-owned; Name contains investor keywords (Properties, Holdings, etc.)",Probable Investor - Strong prospect
MADISON ROAD REAL ESTATE LLC,3,0,,,llc,True,True,False,False,small,True,"['5438 MADISON RD', '5428-5430 MADISON RD', '5401 MADISON RD']",1.0,67,tier_2,"LLC entity (high investor probability); Small portfolio (3 properties); 80%+ properties are absentee-owned; Name contains investor keywords (Properties, Holdings, etc.)",Probable Investor - Strong prospect
BLOEMKER PROPERTIES LLC,3,0,,,llc,True,True,False,False,small,True,"['NEW HAVEN RD', '9900 NEW HAVEN RD', '9920 NEW HAVEN RD']",1.0,67,tier_2,"LLC entity (high investor probability); Small portfolio (3 properties); 80%+ properties are absentee-owned; Name contains investor keywords (Properties, Holdings, etc.)",Probable Investor - Strong prospect
HIXSON PROPERTIES LLC,3,0,,,llc,True,True,False,False,small,True,"['659 VAN METER ST', '725 VAN METER ST', '739 E SIXTH ST']",1.0,67,tier_2,"LLC entity (high investor probability); Small portfolio (3 properties); 80%+ properties are absentee-owned; Name contains investor keywords (Properties, Holdings, etc.)",Probable Investor - Strong prospect
BLU J INVESTMENTS LLC,3,0,,,llc,True,True,False,False,small,True,"['6828 STATE ROUTE 128', '6870 STATE ROUTE 128', '7995 HARRISON RD']",1.0,67,tier_2,"LLC entity (high investor probability); Small portfolio (3 properties); 80%+ properties are absentee-owned; Name contains investor keywords (Properties, Holdings, etc.)",Probable Investor - Strong prospect
PEAKE PROPERTIES LLC,3,0,,,llc,True,True,False,False,small,True,"['2710 HACKBERRY ST', '3923 COLERAIN AVE', '8799 LIVINGSTON RD']",1.0,67,tier_2,"LLC entity (high investor probability); Small portfolio (3 properties); 80%+ properties are absentee-owned; Name contains investor keywords (Properties, Holdings, etc.)",Probable Investor - Strong prospect
BIG HEAD PROPERTY LLC,3,0,,,llc,True,True,False,False,small,True,"['5404 OWASCO ST', '2620 MELROSE AVE', '8484 WILTON AVE']",1.0,67,tier_2,"LLC entity (high investor probability); Small portfolio (3 properties); 80%+ properties are absentee-owned; Name contains investor keywords (Properties, Holdings, etc.)",Probable Investor - Strong prospect
KISCAT PROPERTIES LLC,3,0,,,llc,True,True,False,False,small,True,"['2418 MARYLAND AVE', '2420 MARYLAND AVE', 'WARSAW AVE']",1.0,67,tier_2,"LLC entity (high investor probability); Small portfolio (3 properties); 80%+ properties are absentee-owned; Name contains investor keywords (Properties, Holdings, etc.)",Probable Investor - Strong prospect
BESTRAND LLC,3,1713130,7870 EAST KEMPER RD SUITE 220C/O WEALTH DIMENSIONS FAMILY OFFICECINCINNATI OH 45249,BESTRAND LLC 7870 EAST KEMPER RD SUITE 220C/O WEALTH DIMENSIONS FAMILY OFFICECINCINNATI OH 45249,llc,True,False,False,True,small,True,"['11565 7 REGENCY SQUARE CT', '11570 10 REGENCY SQUARE CT', '1445 KEMPER MEADOW DR']",1.0,61,tier_2,LLC entity (high investor probability); Small portfolio (3 properties); 80%+ properties are absentee-owned; Business address (suite/floor),Probable Investor - Strong prospect
BEST WAY REAL ESTATE LLC,3,471710,7541 GRABNY WAYWEST CHESTER OH 45069,BEST WAY REAL ESTATE LLC 7541 GRABNY WAYWEST CHESTER OH 45069,llc,True,True,False,False,small,True,"['3252 DESHLER DR', '4491 WEST FORK RD', '8803 ZODIAC DR']",1.0,67,tier_2,"LLC entity (high investor probability); Small portfolio (3 properties); 80%+ properties are absentee-owned; Name contains investor keywords (Properties, Holdings, etc.)",Probable Investor - Strong prospect
LUCA PROPERTY INVESTMENTS LLC,3,0,,,llc,True,True,False,False,small,True,"['2844 CLAYPOLE AVE', '2872 ORLAND AVE', '15 GAHL TE']",1.0,67,tier_2,"LLC entity (high investor probability); Small portfolio (3 properties); 80%+ properties are absentee-owned; Name contains investor keywords (Properties, Holdings, etc.)",Probable Investor - Strong prospect
KITANGA INVESTMENTS LLC,3,0,,,llc,True,True,False,False,small,True,"['2445 BEEKMAN ST', '2650 BEEKMAN ST', '9888 READING RD']",1.0,67,tier_2,"LLC entity (high investor probability); Small portfolio (3 properties); 80%+ properties are absentee-owned; Name contains investor keywords (Properties, Holdings, etc.)",Probable Investor - Strong prospect
KIWAN REAL ESTATE HOLDINGS LLC,3,0,,,llc,True,True,False,False,small,True,"['2716 ANDERSON FERRY RD', '3640 24 WESTWOOD NORTHERN BV', '58 CREEKWOOD SQ']",1.0,67,tier_2,"LLC entity (high investor probability); Small portfolio (3 properties); 80%+ properties are absentee-owned; Name contains investor keywords (Properties, Holdings, etc.)",Probable Investor - Strong prospect
KJW REALTY INVESTORS LLC,3,0,,,llc,True,True,False,False,small,True,"['3041 1A PRESERVE LN', '3041 1B PRESERVE LN', '3041 1D PRESERVE LN']",1.0,67,tier_2,"LLC entity (high investor probability); Small portfolio (3 properties); 80%+ properties are absentee-owned; Name contains investor keywords (Properties, Holdings, etc.)",Probable Investor - Strong prospect
PERFECT TEN PROPERTIES LLC,3,0,,,llc,True,True,False,False,small,True,"['3873 MEYERFELD AVE', '3830 KENKER PL', '3844 APPLEGATE AVE']",1.0,67,tier_2,"LLC entity (high investor probability); Small portfolio (3 properties); 80%+ properties are absentee-owned; Name contains investor keywords (Properties, Holdings, etc.)",Probable Investor - Strong prospect
PLAREA INVESTMENT LLC,3,0,,,llc,True,True,False,False,small,True,"['8913 CHERRY ST', '4470 LESLIE AVE', '4612 BELLEVIEW AVE']",1.0,67,tier_2,"LLC entity (high investor probability); Small portfolio (3 properties); 80%+ properties are absentee-owned; Name contains investor keywords (Properties, Holdings, etc.)",Probable Investor - Strong prospect
PLAREA INVESTMENTS LLC,3,0,,,llc,True,True,False,False,small,True,"['4919 LAUREL AVE', '4919 LAUREL AVE', '4479 LESLIE AVE']",1.0,67,tier_2,"LLC entity (high investor probability); Small portfolio (3 properties); 80%+ properties are absentee-owned; Name contains investor keywords (Properties, Holdings, etc.)",Probable Investor - Strong prospect
MERK HOLDINGS OH I LLC,3,0,,,llc,True,True,False,False,small,True,"['2500 25 WARSAW AVE', '2500 34 WARSAW AVE', '1125 MURKETT CT']",1.0,67,tier_2,"LLC entity (high investor probability); Small portfolio (3 properties); 80%+ properties are absentee-owned; Name contains investor keywords (Properties, Holdings, etc.)",Probable Investor - Strong prospect
PERKINS DEVELOPMENT GROUP LLC,3,0,,,llc,True,True,False,False,small,True,"['2462 W MCMICKEN AVE', '2021 COLERAIN AVE', '1108 GARDEN ST']",1.0,67,tier_2,"LLC entity (high investor probability); Small portfolio (3 properties); 80%+ properties are absentee-owned; Name contains investor keywords (Properties, Holdings, etc.)",Probable Investor - Strong prospect
KIKKO PROPERTIES OHIO LLC,3,0,,,llc,True,True,False,False,small,True,"['400 NORTHLAND BV', '400 NORTHLAND BV', '400 NORTHLAND BV']",1.0,67,tier_2,"LLC entity (high investor probability); Small portfolio (3 properties); 80%+ properties are absentee-owned; Name contains investor keywords (Properties, Holdings, etc.)",Probable Investor - Strong prospect
BLANEY PROPERTIES LLC,3,0,,,llc,True,True,False,False,small,True,"['CLEVES WARSAW PK', '5791 CLEVES WARSAW PK', '6791 CLEVES WARSAW PK']",1.0,67,tier_2,"LLC entity (high investor probability); Small portfolio (3 properties); 80%+ properties are absentee-owned; Name contains investor keywords (Properties, Holdings, etc.)",Probable Investor - Strong prospect
LYNCHBECK HOMES LLC,3,0,,,llc,True,True,False,False,small,True,"['3069 WESTWOOD NORTHERN BV', '3125 WESTWOOD NORTHERN BV', '3390 ROBB AVE']",1.0,67,tier_2,"LLC entity (high investor probability); Small portfolio (3 properties); 80%+ properties are absentee-owned; Name contains investor keywords (Properties, Holdings, etc.)",Probable Investor - Strong prospect
BIRD PROPERTIES OHIO LLC,3,0,,,llc,True,True,False,False,small,True,"['1579 14 MEREDITH DR', '1549 8 MEREDITH DR', '1549 10 MEREDITH DR']",1.0,67,tier_2,"LLC entity (high investor probability); Small portfolio (3 properties); 80%+ properties are absentee-owned; Name contains investor keywords (Properties, Holdings, etc.)",Probable Investor - Strong prospect
KING & KIRSCH INVESTMENTS LTD,3,0,,,partnership,True,True,False,False,small,True,"['1500 SPRINGLAWN AVE', '1496 SPRINGLAWN AVE', 'ROCKFORD PL']",1.0,63,tier_2,"Partnership (likely investor); Small portfolio (3 properties); 80%+ properties are absentee-owned; Name contains investor keywords (Properties, Holdings, etc.)",Probable Investor - Strong prospect
BLACK WHITE COLLECTIVE LOCKLAND PROPERTIES LLC,3,0,,,llc,True,True,False,False,small,True,"['1096 JACKSON ST', '213 W WYOMING AVE', '217 W WYOMING AVE']",1.0,67,tier_2,"LLC entity (high investor probability); Small portfolio (3 properties); 80%+ properties are absentee-owned; Name contains investor keywords (Properties, Holdings, etc.)",Probable Investor - Strong prospect
BLACK FOREST HOLDING IV LLC,3,0,,,llc,True,True,False,False,small,True,"['6325 ESTE AVE', 'ESTE AVE', '6325 ESTE AVE']",1.0,67,tier_2,"LLC entity (high investor probability); Small portfolio (3 properties); 80%+ properties are absentee-owned; Name contains investor keywords (Properties, Holdings, etc.)",Probable Investor - Strong prospect
BKV PROPERTIES LLC,3,0,,,llc,True,True,False,False,small,True,"['1117 BURNS AVE', '1117 BURNS AVE', '3 TERRACE DR']",1.0,67,tier_2,"LLC entity (high investor probability); Small portfolio (3 properties); 80%+ properties are absentee-owned; Name contains investor keywords (Properties, Holdings, etc.)",Probable Investor - Strong prospect
BISHOP ST PROPERTIES LLC,3,0,,,llc,True,True,False,False,small,True,"['2916 HACKBERRY ST', '3236 BISHOP ST', '6431 HAMMEL AVE']",1.0,67,tier_2,"LLC entity (high investor probability); Small portfolio (3 properties); 80%+ properties are absentee-owned; Name contains investor keywords (Properties, Holdings, etc.)",Probable Investor - Strong prospect
MARTINI RENTALS LLC,3,0,,,llc,True,True,False,False,small,True,"['3757 NUMERATOR DR', '54 RIDGE AVE', '334 E STATE RD']",1.0,67,tier_2,"LLC entity (high investor probability); Small portfolio (3 properties); 80%+ properties are absentee-owned; Name contains investor keywords (Properties, Holdings, etc.)",Probable Investor - Strong prospect
MCCULLOUGH PROPERTY MGMT LLC,3,0,,,llc,True,True,False,False,small,True,"['5610 MADISON RD', '2814 LAWNDALE AVE', '2822 LAWNDALE AVE']",1.0,67,tier_2,"LLC entity (high investor probability); Small portfolio (3 properties); 80%+ properties are absentee-owned; Name contains investor keywords (Properties, Holdings, etc.)",Probable Investor - Strong prospect
EXTRA SPACE PROPERTIES 104 LLC C/O EXTRA SPACE STORAGE INC,3,0,,,corporation,True,True,False,False,small,True,"['WOOSTER PK', '5700 WOOSTER PK', 'COLUMBIA PW']",1.0,64,tier_2,"Corporation (likely investor); Small portfolio (3 properties); 80%+ properties are absentee-owned; Name contains investor keywords (Properties, Holdings, etc.)",Probable Investor - Strong prospect
HENKE PROPERTIES LLC,3,0,,,llc,True,True,False,False,small,True,"['3447 EPWORTH AVE', '3447 EPWORTH AVE', '3447 EPWORTH AVE']",1.0,67,tier_2,"LLC entity (high investor probability); Small portfolio (3 properties); 80%+ properties are absentee-owned; Name contains investor keywords (Properties, Holdings, etc.)",Probable Investor - Strong prospect
EXPERIMENTAL HOLDINGS INC,3,0,,,corporation,True,True,False,False,small,True,"['3108 WALWORTH AVE', 'WALWORTH AVE', 'COLUMBIA PKWY']",1.0,64,tier_2,"Corporation (likely investor); Small portfolio (3 properties); 80%+ properties are absentee-owned; Name contains investor keywords (Properties, Holdings, etc.)",Probable Investor - Strong prospect
EXPERIMENTAL HOLDING INC,3,0,,,corporation,True,True,False,False,small,True,"['WALWORTH', 'WALWORTH', 'WALWORTH']",1.0,64,tier_2,"Corporation (likely investor); Small portfolio (3 properties); 80%+ properties are absentee-owned; Name contains investor keywords (Properties, Holdings, etc.)",Probable Investor - Strong prospect
EXON INVESTMENTS LLC,3,0,,,llc,True,True,False,False,small,True,"['2930 EXON AVE', '2960 EXON AVE', '2960 EXON AVE']",1.0,67,tier_2,"LLC entity (high investor probability); Small portfolio (3 properties); 80%+ properties are absentee-owned; Name contains investor keywords (Properties, Holdings, etc.)",Probable Investor - Strong prospect
EXCLUSIVE PROPERTY REALTORS INC,3,0,,,corporation,True,True,False,False,small,True,"['2828 SHORT VINE ST', '2726 SHORT VINE ST', '2724 SHORT VINE ST']",1.0,64,tier_2,"Corporation (likely investor); Small portfolio (3 properties); 80%+ properties are absentee-owned; Name contains investor keywords (Properties, Holdings, etc.)",Probable Investor - Strong prospect
BEECHLANDS REALTY CO,3,0,TREASURERS OFFICECUSTOMER WILL PI,BILL HELD IN ROOM 402 (ZERO DUE) TREASURERS OFFICECUSTOMER WILL PICKPI UP,corporation,True,True,False,False,small,True,"['E BEECHLANDS DR', 'SECTION RD', 'SECTION RD']",1.0,64,tier_2,"Corporation (likely investor); Small portfolio (3 properties); 80%+ properties are absentee-owned; Name contains investor keywords (Properties, Holdings, etc.)",Probable Investor - Strong prospect
GARDEN TERRACE PROPERTIES LLC,3,0,,,llc,True,True,False,False,small,True,"['500 W BENSON ST', '905 MILL ST', '406 W BENSON ST']",1.0,67,tier_2,"LLC entity (high investor probability); Small portfolio (3 properties); 80%+ properties are absentee-owned; Name contains investor keywords (Properties, Holdings, etc.)",Probable Investor - Strong prospect
HEALTHY VENTURES LLC,3,0,,,llc,True,True,False,False,small,True,"['FORFEIT RUN RD', '6350 SPRINGDALE RD', '6354 SPRINGDALE RD']",1.0,67,tier_2,"LLC entity (high investor probability); Small portfolio (3 properties); 80%+ properties are absentee-owned; Name contains investor keywords (Properties, Holdings, etc.)",Probable Investor - Strong prospect
MCCLEAN PROPERTIES LLC,3,0,,,llc,True,True,False,False,small,True,"['709 VAN ROBERTS PL', '621 VAN ROBERTS PL', '641 VAN ROBERTS PL']",1.0,67,tier_2,"LLC entity (high investor probability); Small portfolio (3 properties); 80%+ properties are absentee-owned; Name contains investor keywords (Properties, Holdings, etc.)",Probable Investor - Strong prospect
GALBRAITH ROAD INVESTMENTS LLC,3,0,,,llc,True,True,False,False,small,True,"['1850 W GALBRAITH RD', '1848 W GALBRAITH RD', '1848 W GALBRAITH RD']",1.0,67,tier_2,"LLC entity (high investor probability); Small portfolio (3 properties); 80%+ properties are absentee-owned; Name contains investor keywords (Properties, Holdings, etc.)",Probable Investor - Strong prospect
HEIDI HILL PROPERTIES LLC,3,0,,,llc,True,True,False,False,small,True,"['1179 TOLUCA CT', '2437 JASPER CT', '2373 MERCURY AVE']",1.0,67,tier_2,"LLC entity (high investor probability); Small portfolio (3 properties); 80%+ properties are absentee-owned; Name contains investor keywords (Properties, Holdings, etc.)",Probable Investor - Strong prospect
GAISER REALTY LLC,3,0,,,llc,True,True,False,False,small,True,"['4007 WALTER AVE', '4012 HARRISON AVE', '4004 HARRISON AVE']",1.0,67,tier_2,"LLC entity (high investor probability); Small portfolio (3 properties); 80%+ properties are absentee-owned; Name contains investor keywords (Properties, Holdings, etc.)",Probable Investor - Strong prospect
MAX PROPERTY GROUP LLC,3,0,,,llc,True,True,False,False,small,True,"['2153 KINDEL AVE', '2160 KINDEL AVE', '2151 FREEMAN AVE']",1.0,67,tier_2,"LLC entity (high investor probability); Small portfolio (3 properties); 80%+ properties are absentee-owned; Name contains investor keywords (Properties, Holdings, etc.)",Probable Investor - Strong prospect
BEJ PROPERTIES LLC,3,150530,P O BOX 65NEWTONSVILLE OH 45158,BEJ PROPERTIES LLC P O BOX 65NEWTONSVILLE OH 45158,llc,True,True,False,False,small,True,"['120 W SIXTY-EIGHTH ST', '516 W SIXTY-THIRD ST', '6149 CEDAR AVE']",1.0,67,tier_2,"LLC entity (high investor probability); Small portfolio (3 properties); 80%+ properties are absentee-owned; Name contains investor keywords (Properties, Holdings, etc.)",Probable Investor - Strong prospect
CHINA DOLL INVESTMENTS LLC,3,0,,,llc,True,True,False,False,small,True,"['709 CHALFONTE PL', '705 CHALFONTE PL', '794 HALESWORTH DR']",1.0,67,tier_2,"LLC entity (high investor probability); Small portfolio (3 properties); 80%+ properties are absentee-owned; Name contains investor keywords (Properties, Holdings, etc.)",Probable Investor - Strong prospect
MAOR PROPERTIES LLC,3,0,,,llc,True,True,False,False,small,True,"['966 DELHI AVE', '1579 16 MEREDITH DR', '6511 BETTS AVE']",1.0,67,tier_2,"LLC entity (high investor probability); Small portfolio (3 properties); 80%+ properties are absentee-owned; Name contains investor keywords (Properties, Holdings, etc.)",Probable Investor - Strong prospect
MANZANITA PROPERTIES ONE LLC,3,0,,,llc,True,True,False,False,small,True,"['1227 SPRINGFIELD PK', '1229 SPRINGFIELD PK', '11651 WEBSTER WY']",1.0,67,tier_2,"LLC entity (high investor probability); Small portfolio (3 properties); 80%+ properties are absentee-owned; Name contains investor keywords (Properties, Holdings, etc.)",Probable Investor - Strong prospect
MCNAMARA PROPERTIES LLC,3,0,,,llc,True,True,False,False,small,True,"['5177 NORTH BEND RD', '3645 BOOMER RD', 'NORTH BEND RD']",1.0,67,tier_2,"LLC entity (high investor probability); Small portfolio (3 properties); 80%+ properties are absentee-owned; Name contains investor keywords (Properties, Holdings, etc.)",Probable Investor - Strong prospect
CHN PROPERTIES LLC,3,0,,,llc,True,True,False,False,small,True,"['115 HUST AL', '1708 FRINTZ ST', '40 E MCMICKEN AVE']",1.0,67,tier_2,"LLC entity (high investor probability); Small portfolio (3 properties); 80%+ properties are absentee-owned; Name contains investor keywords (Properties, Holdings, etc.)",Probable Investor - Strong prospect
MANTEJ REALTY LTD,3,0,,,partnership,True,True,False,False,small,True,"['OMNIPLEX CT', '2920 GLENDALE MILFORD RD', 'GLENDALE MILFORD RD']",1.0,63,tier_2,"Partnership (likely investor); Small portfolio (3 properties); 80%+ properties are absentee-owned; Name contains investor keywords (Properties, Holdings, etc.)",Probable Investor - Strong prospect
HH HOLDINGS LLC,3,0,,,llc,True,True,False,False,small,True,"['313 S WAYNE AVE', '323 S WAYNE AVE', '323 S WAYNE AVE']",1.0,67,tier_2,"LLC entity (high investor probability); Small portfolio (3 properties); 80%+ properties are absentee-owned; Name contains investor keywords (Properties, Holdings, etc.)",Probable Investor - Strong prospect
HHH REAL ESTATE LLC,3,0,,,llc,True,True,False,False,small,True,"['4343 BRIDGETOWN RD', '4343 BRIDGETOWN RD', '4343 BRIDGETOWN RD']",1.0,67,tier_2,"LLC entity (high investor probability); Small portfolio (3 properties); 80%+ properties are absentee-owned; Name contains investor keywords (Properties, Holdings, etc.)",Probable Investor - Strong prospect
CHAUTAUQUA PROPERTIES III LLC,3,0,,,llc,True,True,False,False,small,True,"['2334 WHEELER ST', '2330 WHEELER ST', '2322 WHEELER ST']",1.0,67,tier_2,"LLC entity (high investor probability); Small portfolio (3 properties); 80%+ properties are absentee-owned; Name contains investor keywords (Properties, Holdings, etc.)",Probable Investor - Strong prospect
PIONEERS INVESTMENT LLC,3,0,,,llc,True,True,False,False,small,True,"['2945 GILBERT AVE', '4444 READING RD', '1401 MCINTYRE ST']",1.0,67,tier_2,"LLC entity (high investor probability); Small portfolio (3 properties); 80%+ properties are absentee-owned; Name contains investor keywords (Properties, Holdings, etc.)",Probable Investor - Strong prospect
MALKA HOMES LLC,3,0,,,llc,True,True,False,False,small,True,"['69 EHRMAN AVE', '257 MYSTIC AVE', '3069 N HEGRY CR']",1.0,67,tier_2,"LLC entity (high investor probability); Small portfolio (3 properties); 80%+ properties are absentee-owned; Name contains investor keywords (Properties, Holdings, etc.)",Probable Investor - Strong prospect
MEDER PROPERTIES LTD,3,0,,,partnership,True,True,False,False,small,True,"['614 DELHI AVE', '610 DELHI AVE', '612 DELHI AVE']",1.0,63,tier_2,"Partnership (likely investor); Small portfolio (3 properties); 80%+ properties are absentee-owned; Name contains investor keywords (Properties, Holdings, etc.)",Probable Investor - Strong prospect
CHARLOTTE METRO RENTALS LLC,3,0,,,llc,True,True,False,False,small,True,"['1617 CLAREWOOD AVE', '5955 BELMONT AVE', '1524 GARDENWOOD CT']",1.0,67,tier_2,"LLC entity (high investor probability); Small portfolio (3 properties); 80%+ properties are absentee-owned; Name contains investor keywords (Properties, Holdings, etc.)",Probable Investor - Strong prospect
CHARLONALD HOLDINGS LLC,3,0,,,llc,True,True,False,False,small,True,"['8339 MARLEY ST', '6801 MARVIN AVE', '6700 JAMAR DR']",1.0,67,tier_2,"LLC entity (high investor probability); Small portfolio (3 properties); 80%+ properties are absentee-owned; Name contains investor keywords (Properties, Holdings, etc.)",Probable Investor - Strong prospect
BERACHA HOMES LLC,3,187500,P O BOX 37391CINCINNATI OH 45222,LERETA LLC 901 CORPORATE CENTER DRPOMONA CA 91768,llc,True,True,False,False,small,True,"['246 PARKWAY AVE', '605 CARTHAGE AVE', 'ERKENBRECHER AVE']",1.0,67,tier_2,"LLC entity (high investor probability); Small portfolio (3 properties); 80%+ properties are absentee-owned; Name contains investor keywords (Properties, Holdings, etc.)",Probable Investor - Strong prospect
MDD PROPERTIES I LTD,3,0,,,partnership,True,True,False,False,small,True,"['7217 12 CREEKVIEW DR', '3414 6 NORTH BEND RD', '5863 GIFFINDALE DR']",1.0,63,tier_2,"Partnership (likely investor); Small portfolio (3 properties); 80%+ properties are absentee-owned; Name contains investor keywords (Properties, Holdings, etc.)",Probable Investor - Strong prospect
MDG HOLDINGS LLC,3,0,,,llc,True,True,False,False,small,True,"['2593 BONNIE DR', '1078 ALNETTA DR', '6918 GAMMWELL DR']",1.0,67,tier_2,"LLC entity (high investor probability); Small portfolio (3 properties); 80%+ properties are absentee-owned; Name contains investor keywords (Properties, Holdings, etc.)",Probable Investor - Strong prospect
PETERMANN PROPERTIES LLC,3,0,,,llc,True,True,False,False,small,True,"['5727 ISLINGTON AVE', '709 5 E MCMILLAN ST', '709 6 E MCMILLAN ST']",1.0,67,tier_2,"LLC entity (high investor probability); Small portfolio (3 properties); 80%+ properties are absentee-owned; Name contains investor keywords (Properties, Holdings, etc.)",Probable Investor - Strong prospect
MDP LAND HOLDINGS LLC,3,0,,,llc,True,True,False,False,small,True,"['6932 SHADOW RIDGE RD', '6936 SHADOW RIDGE RD', '6940 SHADOW RIDGE RD']",1.0,67,tier_2,"LLC entity (high investor probability); Small portfolio (3 properties); 80%+ properties are absentee-owned; Name contains investor keywords (Properties, Holdings, etc.)",Probable Investor - Strong prospect
MAPLE STREET PROPERTY SERVICES LLC,3,0,,,llc,True,True,False,False,small,True,"['985 PARKSIDE PL', '987 PARKSIDE PL', '989 PARKSIDE PL']",1.0,67,tier_2,"LLC entity (high investor probability); Small portfolio (3 properties); 80%+ properties are absentee-owned; Name contains investor keywords (Properties, Holdings, etc.)",Probable Investor - Strong prospect
MCKAM PROPERTIES I LLC,3,0,,,llc,True,True,False,False,small,True,"['6601 63 HEARNE RD', '6649 158 HEARNE RD', '6644 196 HEARNE RD']",1.0,67,tier_2,"LLC entity (high investor probability); Small portfolio (3 properties); 80%+ properties are absentee-owned; Name contains investor keywords (Properties, Holdings, etc.)",Probable Investor - Strong prospect
PETTIS PROPERTIES LLC,3,0,,,llc,True,True,False,False,small,True,"['1433 WALNUT ST', '817 DAYTON ST', '457 DAYTON ST']",1.0,67,tier_2,"LLC entity (high investor probability); Small portfolio (3 properties); 80%+ properties are absentee-owned; Name contains investor keywords (Properties, Holdings, etc.)",Probable Investor - Strong prospect
ET & JB PROPERTY LLC,3,0,,,llc,True,True,False,False,small,True,"['908 ELLISON AVE', '3268 NASH AVE', '6234 LAKOTA DR']",1.0,67,tier_2,"LLC entity (high investor probability); Small portfolio (3 properties); 80%+ properties are absentee-owned; Name contains investor keywords (Properties, Holdings, etc.)",Probable Investor - Strong prospect
MCHENRY 10 HOLDINGS LLC,3,0,,,llc,True,True,False,False,small,True,"['3097 MCHENRY AVE', '3089 MCHENRY AVE', '3091 MCHENRY AVE']",1.0,67,tier_2,"LLC entity (high investor probability); Small portfolio (3 properties); 80%+ properties are absentee-owned; Name contains investor keywords (Properties, Holdings, etc.)",Probable Investor - Strong prospect
CHUGER HOLDINGS LLC,3,0,,,llc,True,True,False,False,small,True,"['1326 TENNESSEE AVE', '1330 TENNESSEE AVE', '1330 TENNESSEE AVE']",1.0,67,tier_2,"LLC entity (high investor probability); Small portfolio (3 properties); 80%+ properties are absentee-owned; Name contains investor keywords (Properties, Holdings, etc.)",Probable Investor - Strong prospect
MCM FAMILY PROPERTIES LTD,3,0,,,partnership,True,True,False,False,small,True,"['6643 134 HEARNE RD', '6643 143 HEARNE RD', '6650 235 HEARNE RD']",1.0,63,tier_2,"Partnership (likely investor); Small portfolio (3 properties); 80%+ properties are absentee-owned; Name contains investor keywords (Properties, Holdings, etc.)",Probable Investor - Strong prospect
MARCHLEWSKI REAL ESTATE LLC,3,0,,,llc,True,True,False,False,small,True,"['582 RENTZ PL', '824 NEEB RD', '5315 BRIARHILL DR']",1.0,67,tier_2,"LLC entity (high investor probability); Small portfolio (3 properties); 80%+ properties are absentee-owned; Name contains investor keywords (Properties, Holdings, etc.)",Probable Investor - Strong prospect
MARBEH GROUP LLC,3,0,,,llc,True,True,False,False,small,True,"['3242 GAFF AVE', '3252 BERESFORD AVE', '3143 GAFF AVE']",1.0,67,tier_2,"LLC entity (high investor probability); Small portfolio (3 properties); 80%+ properties are absentee-owned; Name contains investor keywords (Properties, Holdings, etc.)",Probable Investor - Strong prospect
MCMICKEN HEIGHTS HOLDINGS LLC,3,0,,,llc,True,True,False,False,small,True,"['2886 W MCMICKEN AVE', 'W MCMICKEN AVE', '2886 W MCMICKEN AVE']",1.0,67,tier_2,"LLC entity (high investor probability); Small portfolio (3 properties); 80%+ properties are absentee-owned; Name contains investor keywords (Properties, Holdings, etc.)",Probable Investor - Strong prospect
MARK STENGER PROPERTIES LLC,3,0,,,llc,True,True,False,False,small,True,"['3332 BLUEACRES DR', '5666 SPRINGDALE RD', '3352 TALLAHASSEE DR']",1.0,67,tier_2,"LLC entity (high investor probability); Small portfolio (3 properties); 80%+ properties are absentee-owned; Name contains investor keywords (Properties, Holdings, etc.)",Probable Investor - Strong prospect
EQUINOX HOLDINGS LLC,3,0,,,llc,True,True,False,False,small,True,"['1540 ELKTON PL', '3810 WOODBINE AVE', '3526 WOODBINE AVE']",1.0,67,tier_2,"LLC entity (high investor probability); Small portfolio (3 properties); 80%+ properties are absentee-owned; Name contains investor keywords (Properties, Holdings, etc.)",Probable Investor - Strong prospect
PENNEMORE REALTY LLC,3,0,,,llc,True,True,False,False,small,True,"['9165 READING RD', '9165 READING RD', '9165 READING RD']",1.0,67,tier_2,"LLC entity (high investor probability); Small portfolio (3 properties); 80%+ properties are absentee-owned; Name contains investor keywords (Properties, Holdings, etc.)",Probable Investor - Strong prospect
KMS REALTY LTD,3,0,,,partnership,True,True,False,False,small,True,"['1216 E MCMILLAN AVE', '1216 E MCMILLAN AVE', '5816 WOOSTER PK']",1.0,63,tier_2,"Partnership (likely investor); Small portfolio (3 properties); 80%+ properties are absentee-owned; Name contains investor keywords (Properties, Holdings, etc.)",Probable Investor - Strong prospect
LITVAK HOLDING LLC,3,0,,,llc,True,True,False,False,small,True,"['1607 MANSFIELD ST', '1617 MANSFIELD ST', '1615 MANSFIELD ST']",1.0,67,tier_2,"LLC entity (high investor probability); Small portfolio (3 properties); 80%+ properties are absentee-owned; Name contains investor keywords (Properties, Holdings, etc.)",Probable Investor - Strong prospect
SWEET MAGNOLIA PROPERTIES LLC,3,0,,,llc,True,True,False,False,small,True,"['1254 1256 RUTLEDGE AVE', '933 RUTLEDGE AVE', '931 RUTLEDGE AVE']",1.0,67,tier_2,"LLC entity (high investor probability); Small portfolio (3 properties); 80%+ properties are absentee-owned; Name contains investor keywords (Properties, Holdings, etc.)",Probable Investor - Strong prospect
KOZIE HOMES LLC,3,0,,,llc,True,True,False,False,small,True,"['713 WOODLAWN AVE', '2504 WHITE ST', '6259 MAYFLOWER AVE']",1.0,67,tier_2,"LLC entity (high investor probability); Small portfolio (3 properties); 80%+ properties are absentee-owned; Name contains investor keywords (Properties, Holdings, etc.)",Probable Investor - Strong prospect
AMORA PROPERTY MANAGEMENT LLC,3,364320,5001 READING RDCINCINNATI OH 45237,LERETA LLC 901 CORPORATE CENTER DRPOMONA CA 91768,llc,True,True,False,False,small,True,"['5001 READING RD', '5005 READING RD', '5007 READING RD']",1.0,67,tier_2,"LLC entity (high investor probability); Small portfolio (3 properties); 80%+ properties are absentee-owned; Name contains investor keywords (Properties, Holdings, etc.)",Probable Investor - Strong prospect
KMIG HOMES LLC,3,0,,,llc,True,True,False,False,small,True,"['2792 SPRUCEWAY DR', '2996 BUTTERWICK DR', '1442 HAZELGROVE DR']",1.0,67,tier_2,"LLC entity (high investor probability); Small portfolio (3 properties); 80%+ properties are absentee-owned; Name contains investor keywords (Properties, Holdings, etc.)",Probable Investor - Strong prospect
KM PROPERTY SOLUTIONS LLC,3,0,,,llc,True,True,False,False,small,True,"['3935 FARRELL DR', '4278 NORTH BEND RD', '4461 HARRISON AVE']",1.0,67,tier_2,"LLC entity (high investor probability); Small portfolio (3 properties); 80%+ properties are absentee-owned; Name contains investor keywords (Properties, Holdings, etc.)",Probable Investor - Strong prospect
KM PROPERTY LLC,3,0,,,llc,True,True,False,False,small,True,"['3156 GLENAIRE DR', '7817 HARRISON AVE', '10837 MILLINGTON CT']",1.0,67,tier_2,"LLC entity (high investor probability); Small portfolio (3 properties); 80%+ properties are absentee-owned; Name contains investor keywords (Properties, Holdings, etc.)",Probable Investor - Strong prospect
TCR CINCI PROPERTY LLC,3,0,,,llc,True,True,False,False,small,True,"['4911 OAKLAWN DR', '4911 OAKLAWN DR', '118 E SHIELDS ST']",1.0,67,tier_2,"LLC entity (high investor probability); Small portfolio (3 properties); 80%+ properties are absentee-owned; Name contains investor keywords (Properties, Holdings, etc.)",Probable Investor - Strong prospect
LIBERTY NURSING PROPERTIES OF COLERAIN LTD,3,0,,,partnership,True,True,False,False,small,True,"['LIVINGSTON RD', 'BLUE ROCK RD', 'BLUE ROCK RD']",1.0,63,tier_2,"Partnership (likely investor); Small portfolio (3 properties); 80%+ properties are absentee-owned; Name contains investor keywords (Properties, Holdings, etc.)",Probable Investor - Strong prospect
TCG FIELDS ERTEL REAL ESTATE LLC,3,0,,,llc,True,True,False,False,small,True,"['12170 MASON-MONTGOMERY RD', '8955 FIELDS ERTEL RD', '12170 MASON RD']",1.0,67,tier_2,"LLC entity (high investor probability); Small portfolio (3 properties); 80%+ properties are absentee-owned; Name contains investor keywords (Properties, Holdings, etc.)",Probable Investor - Strong prospect
TBJB LAND GROUP LTD,3,0,,,partnership,True,True,False,False,small,True,"['6606 MADISON RD', '6612 MADISON RD', '6616 MADISON RD']",1.0,63,tier_2,"Partnership (likely investor); Small portfolio (3 properties); 80%+ properties are absentee-owned; Name contains investor keywords (Properties, Holdings, etc.)",Probable Investor - Strong prospect
TBB PROPERTIES LLC,3,0,,,llc,True,True,False,False,small,True,"['1713 FRINTZ ST', '4301 RIDGEVIEW AVE', '3630 DAWSON AVE']",1.0,67,tier_2,"LLC entity (high investor probability); Small portfolio (3 properties); 80%+ properties are absentee-owned; Name contains investor keywords (Properties, Holdings, etc.)",Probable Investor - Strong prospect
SWEENEY OHIO REALTY LLC,3,0,,,llc,True,True,False,False,small,True,"['105 W KEMPER RD', '11535 JAKE SWEENEY PL', 'JAKE SWEENEY PL']",1.0,67,tier_2,"LLC entity (high investor probability); Small portfolio (3 properties); 80%+ properties are absentee-owned; Name contains investor keywords (Properties, Holdings, etc.)",Probable Investor - Strong prospect
TB HOLDINGS GROUP LLC,3,0,,,llc,True,True,False,False,small,True,"['1013 DEL MONTE PL', '4549 CLEARVIEW AVE', '3046 BRACKEN WOODS LN']",1.0,67,tier_2,"LLC entity (high investor probability); Small portfolio (3 properties); 80%+ properties are absentee-owned; Name contains investor keywords (Properties, Holdings, etc.)",Probable Investor - Strong prospect
LOSANTIVILLE EVANSTON LLC C/O THE MODEL GROUP,3,0,,,llc,True,True,False,False,small,True,"['3309 MONTGOMERY RD', '3301 MONTGOMERY RD', '3501 MONTGOMERY RD']",1.0,67,tier_2,"LLC entity (high investor probability); Small portfolio (3 properties); 80%+ properties are absentee-owned; Name contains investor keywords (Properties, Holdings, etc.)",Probable Investor - Strong prospect
LION HOUSING & PROPERTIES LLC,3,0,,,llc,True,True,False,False,small,True,"['7242 MARIEMONT CRESCENT', '7222 MARIEMONT CRESCENT', '5834 CHARTEROAK DR']",1.0,67,tier_2,"LLC entity (high investor probability); Small portfolio (3 properties); 80%+ properties are absentee-owned; Name contains investor keywords (Properties, Holdings, etc.)",Probable Investor - Strong prospect
LAFOUR PROPERTIES LLC,3,0,,,llc,True,True,False,False,small,True,"['5795 CHEVIOT RD', '6607 GLENWAY AVE', '7680 BRIDGETOWN RD']",1.0,67,tier_2,"LLC entity (high investor probability); Small portfolio (3 properties); 80%+ properties are absentee-owned; Name contains investor keywords (Properties, Holdings, etc.)",Probable Investor - Strong prospect
LITTLEJOHN HOLDINGS LLC,3,0,,,llc,True,True,False,False,small,True,"['3422 LINWOOD AVE', '3434 LINWOOD AVE', '3318 NASH AVE']",1.0,67,tier_2,"LLC entity (high investor probability); Small portfolio (3 properties); 80%+ properties are absentee-owned; Name contains investor keywords (Properties, Holdings, etc.)",Probable Investor - Strong prospect
LANDPLAGE GROUP LTD,3,0,,,partnership,True,True,False,False,small,True,"['2505 HALSTEAD ST', '2626 LIDDELL ST', '2579 LIDDELL ST']",1.0,63,tier_2,"Partnership (likely investor); Small portfolio (3 properties); 80%+ properties are absentee-owned; Name contains investor keywords (Properties, Holdings, etc.)",Probable Investor - Strong prospect
KNOTTY PINE PROPERTIES LLC,3,0,,,llc,True,True,False,False,small,True,"['6611 CHEVIOT RD', '6800 CHEVIOT RD', '3510 BLUE ROCK RD']",1.0,67,tier_2,"LLC entity (high investor probability); Small portfolio (3 properties); 80%+ properties are absentee-owned; Name contains investor keywords (Properties, Holdings, etc.)",Probable Investor - Strong prospect
KRSNA PROPERTIES LLC,3,0,,,llc,True,True,False,False,small,True,"['5361 KENNEDY AVE', '5361 KENNEDY AVE', '5361 KENNEDY AVE']",1.0,67,tier_2,"LLC entity (high investor probability); Small portfolio (3 properties); 80%+ properties are absentee-owned; Name contains investor keywords (Properties, Holdings, etc.)",Probable Investor - Strong prospect
LMMS HOLDINGS LLC,3,0,,,llc,True,True,False,False,small,True,"['3650 GLENWAY AVE', '1255 MCKEONE AVE', '573 TRENTON AVE']",1.0,67,tier_2,"LLC entity (high investor probability); Small portfolio (3 properties); 80%+ properties are absentee-owned; Name contains investor keywords (Properties, Holdings, etc.)",Probable Investor - Strong prospect
KOEHLER HOMES LLC,3,0,,,llc,True,True,False,False,small,True,"['2701 A12 LEHMAN RD', '2498 MUSTANG DR', '2435 12 MUSTANG DR']",1.0,67,tier_2,"LLC entity (high investor probability); Small portfolio (3 properties); 80%+ properties are absentee-owned; Name contains investor keywords (Properties, Holdings, etc.)",Probable Investor - Strong prospect
LEGION INVESTMENTS LLC,3,0,,,llc,True,True,False,False,small,True,"['3219 FAIRFIELD AVE', '3436 PRICE AVE', '3430 PRICE AVE']",1.0,67,tier_2,"LLC entity (high investor probability); Small portfolio (3 properties); 80%+ properties are absentee-owned; Name contains investor keywords (Properties, Holdings, etc.)",Probable Investor - Strong prospect
ABEYRATNA PROPERTIES LLC,3,215350,760 COOT CTALEXANDRIA KY 41001,ABEYRATNA PROPERTIES LLC 760 COOT CTALEXANDRIA KY 41001,llc,True,True,False,False,small,True,"['3432 HILLSIDE AVE', '3436 HILLSIDE AVE', '4570 HAMILTON AVE']",1.0,67,tier_2,"LLC entity (high investor probability); Small portfolio (3 properties); 80%+ properties are absentee-owned; Name contains investor keywords (Properties, Holdings, etc.)",Probable Investor - Strong prospect
LILY PAD INVESTMENTS LLC,3,0,,,llc,True,True,False,False,small,True,"['523 KLOTTER AVE', '2672 VERA AVE', '2672 VERA AVE']",1.0,67,tier_2,"LLC entity (high investor probability); Small portfolio (3 properties); 80%+ properties are absentee-owned; Name contains investor keywords (Properties, Holdings, etc.)",Probable Investor - Strong prospect
KZN RENTAL PROPERTIES LLC,3,0,,,llc,True,True,False,False,small,True,"['4014 ST LAWRENCE AVE', '4061 VINEDALE AVE', '4061 VINEDALE AVE']",1.0,67,tier_2,"LLC entity (high investor probability); Small portfolio (3 properties); 80%+ properties are absentee-owned; Name contains investor keywords (Properties, Holdings, etc.)",Probable Investor - Strong prospect
LSM HOMES LLC,3,0,,,llc,True,True,False,False,small,True,"['4535 PLAINVILLE RD', '5277 ORCHARDRIDGE CT', '7219 KIRKRIDGE DR']",1.0,67,tier_2,"LLC entity (high investor probability); Small portfolio (3 properties); 80%+ properties are absentee-owned; Name contains investor keywords (Properties, Holdings, etc.)",Probable Investor - Strong prospect
LAMBA REAL ESTATE CORP,3,0,,,corporation,True,True,False,False,small,True,"['7758 COOPER RD', '5118 CARTHAGE AVE', '5112 CARTHAGE AVE']",1.0,64,tier_2,"Corporation (likely investor); Small portfolio (3 properties); 80%+ properties are absentee-owned; Name contains investor keywords (Properties, Holdings, etc.)",Probable Investor - Strong prospect
LU & CHEN PROPERTIES LLC,3,0,,,llc,True,True,False,False,small,True,"['2814 EDEN AVE', '2350 VICTOR ST', '2510 RAVINE ST']",1.0,67,tier_2,"LLC entity (high investor probability); Small portfolio (3 properties); 80%+ properties are absentee-owned; Name contains investor keywords (Properties, Holdings, etc.)",Probable Investor - Strong prospect
AM LIONS RENTAL PROPERTIES LLC,3,507340,1617 CONTINENTAL DRCINCINNATI OH 45246,AM LIONS RENTAL PROPERTIES LLC 1617 CONTINENTAL DRCINCINNATI OH 45246,llc,True,True,False,False,small,True,"['703 W KEMPER RD', '989 GALLATIN CT', '7930 SOUTHAMPTON CT']",1.0,67,tier_2,"LLC entity (high investor probability); Small portfolio (3 properties); 80%+ properties are absentee-owned; Name contains investor keywords (Properties, Holdings, etc.)",Probable Investor - Strong prospect
LOBOS REAL ESTATE LLC,3,0,,,llc,True,True,False,False,small,True,"['823 MCPHERSON AVE', '256 EHRMAN AVE', '3668 VINE ST']",1.0,67,tier_2,"LLC entity (high investor probability); Small portfolio (3 properties); 80%+ properties are absentee-owned; Name contains investor keywords (Properties, Holdings, etc.)",Probable Investor - Strong prospect
KOR GROUP INC THE,3,0,,,corporation,True,True,False,False,small,True,"['8834 READING RD', '8834 READING RD', '814 SECOND ST']",1.0,64,tier_2,"Corporation (likely investor); Small portfolio (3 properties); 80%+ properties are absentee-owned; Name contains investor keywords (Properties, Holdings, etc.)",Probable Investor - Strong prospect
SWEETPEA PROPERTIES LTD,3,0,,,partnership,True,True,False,False,small,True,"['1701 BRUCE AVE', '1624 S ARGYLE PL', '1623 OTTE AVE']",1.0,63,tier_2,"Partnership (likely investor); Small portfolio (3 properties); 80%+ properties are absentee-owned; Name contains investor keywords (Properties, Holdings, etc.)",Probable Investor - Strong prospect
LETS INVEST MANAGEMENT GROUP LLC,3,0,,,llc,True,True,False,False,small,True,"['1614 MIRAMAR CT', '6938 LOIS DR', '6938 LOIS DR']",1.0,67,tier_2,"LLC entity (high investor probability); Small portfolio (3 properties); 80%+ properties are absentee-owned; Name contains investor keywords (Properties, Holdings, etc.)",Probable Investor - Strong prospect
AMERCO REAL ESTATE COMPANY,3,7807250,2727 NORTH CENTRAL AVEPHOENIX AZ 85004,AMERCO REAL ESTATE COMPANY 2727 NORTH CENTRAL AVEPHOENIX AZ 85004,corporation,True,True,False,False,small,True,"['2341 GILBERT AVE', '2001 DALTON AVE', '600 KEMPER COMMONS CR']",1.0,64,tier_2,"Corporation (likely investor); Small portfolio (3 properties); 80%+ properties are absentee-owned; Name contains investor keywords (Properties, Holdings, etc.)",Probable Investor - Strong prospect
LIVINGTON HOMES LLC,3,0,,,llc,True,True,False,False,small,True,"['948 NORDYKE RD', '6897 PECOS DR', '7069 MONONGAHELA DR']",1.0,67,tier_2,"LLC entity (high investor probability); Small portfolio (3 properties); 80%+ properties are absentee-owned; Name contains investor keywords (Properties, Holdings, etc.)",Probable Investor - Strong prospect
LEO B GROUP LLC,3,0,,,llc,True,True,False,False,small,True,"['5558 DUNNING PL', '5531 DUNNING PL', '5521 DUNNING PL']",1.0,67,tier_2,"LLC entity (high investor probability); Small portfolio (3 properties); 80%+ properties are absentee-owned; Name contains investor keywords (Properties, Holdings, etc.)",Probable Investor - Strong prospect
MCINTYRE PROPERTY MANAGEMENT LLC,2,0,,,llc,True,True,False,False,small,True,"['2431 5 MONTANA AVE', '2435 17 MONTANA AVE']",1.0,67,tier_2,"LLC entity (high investor probability); Small portfolio (2 properties); 80%+ properties are absentee-owned; Name contains investor keywords (Properties, Holdings, etc.)",Probable Investor - Strong prospect
ERGON INVESTMENTS LLC,2,0,,,llc,True,True,False,False,small,True,"['1401 JEFFERSON AVE', '1401 JEFFERSON AVE']",1.0,67,tier_2,"LLC entity (high investor probability); Small portfolio (2 properties); 80%+ properties are absentee-owned; Name contains investor keywords (Properties, Holdings, etc.)",Probable Investor - Strong prospect
ERIE AVENUE PROPERTIES LLC,2,0,,,llc,True,True,False,False,small,True,"['3514 ERIE AVE', '3518 ERIE AVE']",1.0,67,tier_2,"LLC entity (high investor probability); Small portfolio (2 properties); 80%+ properties are absentee-owned; Name contains investor keywords (Properties, Holdings, etc.)",Probable Investor - Strong prospect
LACMIKE PROPERTIES LLC,2,0,,,llc,True,True,False,False,small,True,"['3464 KIMBERLY CT', '3463 KIMBERLY CT']",1.0,67,tier_2,"LLC entity (high investor probability); Small portfolio (2 properties); 80%+ properties are absentee-owned; Name contains investor keywords (Properties, Holdings, etc.)",Probable Investor - Strong prospect
CHINQUAPIN VENTURES LLC,2,0,,,llc,True,True,False,False,small,True,"['1384 BURDETTE AVE', '3515 WOODBINE AVE']",1.0,67,tier_2,"LLC entity (high investor probability); Small portfolio (2 properties); 80%+ properties are absentee-owned; Name contains investor keywords (Properties, Holdings, etc.)",Probable Investor - Strong prospect
MCOJ PROPERTIES LLC,2,0,,,llc,True,True,False,False,small,True,"['5645 CHEVIOT RD', '5645 CHEVIOT RD']",1.0,67,tier_2,"LLC entity (high investor probability); Small portfolio (2 properties); 80%+ properties are absentee-owned; Name contains investor keywords (Properties, Holdings, etc.)",Probable Investor - Strong prospect
LAINE EVANS PROPERTIES LLC,2,0,,,llc,True,True,False,False,small,True,"['3598 KENOAK LN', '6105 WOOSTER PK']",1.0,67,tier_2,"LLC entity (high investor probability); Small portfolio (2 properties); 80%+ properties are absentee-owned; Name contains investor keywords (Properties, Holdings, etc.)",Probable Investor - Strong prospect
LAINE REALTY LLC,2,0,,,llc,True,True,False,False,small,True,"['6003 HARRISON AVE', '6004 HARRISON AVE']",1.0,67,tier_2,"LLC entity (high investor probability); Small portfolio (2 properties); 80%+ properties are absentee-owned; Name contains investor keywords (Properties, Holdings, etc.)",Probable Investor - Strong prospect
MCPHERSON REALTY GROUP LLC,2,0,,,llc,True,True,False,False,small,True,"['5656 HAMILTON AVE', '2578 TAMPICO DR']",1.0,67,tier_2,"LLC entity (high investor probability); Small portfolio (2 properties); 80%+ properties are absentee-owned; Name contains investor keywords (Properties, Holdings, etc.)",Probable Investor - Strong prospect
MCSB PROPERTIES LLC,2,0,,,llc,True,True,False,False,small,True,"['11964 TRAMWAY DR', '11966 TRAMWAY DR']",1.0,67,tier_2,"LLC entity (high investor probability); Small portfolio (2 properties); 80%+ properties are absentee-owned; Name contains investor keywords (Properties, Holdings, etc.)",Probable Investor - Strong prospect
CHEVIOT HOMES LLC,2,0,,,llc,True,True,False,False,small,True,"['3231 ALPINE PL', '3415 GAMBLE AVE']",1.0,67,tier_2,"LLC entity (high investor probability); Small portfolio (2 properties); 80%+ properties are absentee-owned; Name contains investor keywords (Properties, Holdings, etc.)",Probable Investor - Strong prospect
CHEVIOT CAPITAL INVESTMENTS LLC,2,0,,,llc,True,True,False,False,small,True,"['3608 GAMBLE AVE', '3606 GAMBLE AVE']",1.0,67,tier_2,"LLC entity (high investor probability); Small portfolio (2 properties); 80%+ properties are absentee-owned; Name contains investor keywords (Properties, Holdings, etc.)",Probable Investor - Strong prospect
CHESTNUT LANE REAL ESTATE LLC,2,0,,,llc,True,True,False,False,small,True,"['6638 CHESTNUT ST', '6638 CHESTNUT ST']",1.0,67,tier_2,"LLC entity (high investor probability); Small portfolio (2 properties); 80%+ properties are absentee-owned; Name contains investor keywords (Properties, Holdings, etc.)",Probable Investor - Strong prospect
LAKELAND WEST CAPITAL 43 LLC,2,0,,,llc,True,True,False,False,small,True,"['895 CENTRAL AVE', 'W SEVENTH ST']",1.0,67,tier_2,"LLC entity (high investor probability); Small portfolio (2 properties); 80%+ properties are absentee-owned; Name contains investor keywords (Properties, Holdings, etc.)",Probable Investor - Strong prospect
CHROMIUM VENTURES LLC,2,0,,,llc,True,True,False,False,small,True,"['11840 KEMPERSPRINGS DR', '11820 KEMPERSPRINGS DR']",1.0,67,tier_2,"LLC entity (high investor probability); Small portfolio (2 properties); 80%+ properties are absentee-owned; Name contains investor keywords (Properties, Holdings, etc.)",Probable Investor - Strong prospect
CHRISTOPHER ROBIN HOMES INC,2,0,,,corporation,True,True,False,False,small,True,"['KENNEDY LN', 'SEVEN GABLES RD']",1.0,64,tier_2,"Corporation (likely investor); Small portfolio (2 properties); 80%+ properties are absentee-owned; Name contains investor keywords (Properties, Holdings, etc.)",Probable Investor - Strong prospect
MCMICKEN AVE PROPERTIES LLC,2,0,,,llc,True,True,False,False,small,True,"['207 W MCMICKEN AVE', '205 W MCMICKEN AVE']",1.0,67,tier_2,"LLC entity (high investor probability); Small portfolio (2 properties); 80%+ properties are absentee-owned; Name contains investor keywords (Properties, Holdings, etc.)",Probable Investor - Strong prospect
LADD HOLDINGS LLC,2,0,,,llc,True,True,False,False,small,True,"['4550 EASTERN AVE', '1676 LAVAL DR']",1.0,67,tier_2,"LLC entity (high investor probability); Small portfolio (2 properties); 80%+ properties are absentee-owned; Name contains investor keywords (Properties, Holdings, etc.)",Probable Investor - Strong prospect
LAIDLAW INVESTMENTS LLC C/O RAW PROPERTY MANAGEMENT,2,0,,,llc,True,True,False,False,small,True,"['1119 LAIDLAW AVE', '1292 MADELEINE CR']",1.0,67,tier_2,"LLC entity (high investor probability); Small portfolio (2 properties); 80%+ properties are absentee-owned; Name contains investor keywords (Properties, Holdings, etc.)",Probable Investor - Strong prospect
MCMULLEN REAL ESTATE CO,2,0,,,corporation,True,True,False,False,small,True,"['202 W MCMILLAN AVE', '2507 CLIFTON AVE']",1.0,64,tier_2,"Corporation (likely investor); Small portfolio (2 properties); 80%+ properties are absentee-owned; Name contains investor keywords (Properties, Holdings, etc.)",Probable Investor - Strong prospect
GALBRAITH HOLDINGS LLC,2,0,,,llc,True,True,False,False,small,True,"['2015 E GALBRAITH RD', '2015 E GALBRAITH RD']",1.0,67,tier_2,"LLC entity (high investor probability); Small portfolio (2 properties); 80%+ properties are absentee-owned; Name contains investor keywords (Properties, Holdings, etc.)",Probable Investor - Strong prospect
LIFESTYLE PROPERTIES LTD,2,0,,,partnership,True,True,False,False,small,True,"['E SHARON RD', '2721 E SHARON RD']",1.0,63,tier_2,"Partnership (likely investor); Small portfolio (2 properties); 80%+ properties are absentee-owned; Name contains investor keywords (Properties, Holdings, etc.)",Probable Investor - Strong prospect
LIBERTY HILL INVESTMENT PROPERTIES LLC,2,0,,,llc,True,True,False,False,small,True,"['1351 BROADWAY', '1619 BROADWAY']",1.0,67,tier_2,"LLC entity (high investor probability); Small portfolio (2 properties); 80%+ properties are absentee-owned; Name contains investor keywords (Properties, Holdings, etc.)",Probable Investor - Strong prospect
KUGLER BROTHERS PROPERTIES LLC,2,0,,,llc,True,True,False,False,small,True,"['2045 SCHAPPELLE LN', '2060 WAYCROSS RD']",1.0,67,tier_2,"LLC entity (high investor probability); Small portfolio (2 properties); 80%+ properties are absentee-owned; Name contains investor keywords (Properties, Holdings, etc.)",Probable Investor - Strong prospect
MCCOY PROPERTY AND MAINTENANCE LLC,2,0,,,llc,True,True,False,False,small,True,"['587 ELBERON AVE', '605 ROSE HILL AVE']",1.0,67,tier_2,"LLC entity (high investor probability); Small portfolio (2 properties); 80%+ properties are absentee-owned; Name contains investor keywords (Properties, Holdings, etc.)",Probable Investor - Strong prospect
LICHTENBERG PROPERTY NUMBER TWO LLC,2,0,,,llc,True,True,False,False,small,True,"['HAUCK RD', '3478 HAUCK RD']",1.0,67,tier_2,"LLC entity (high investor probability); Small portfolio (2 properties); 80%+ properties are absentee-owned; Name contains investor keywords (Properties, Holdings, etc.)",Probable Investor - Strong prospect
GABLE-ELL PROPERTIES LLC,2,0,,,llc,True,True,False,False,small,True,"['3227 DAYTONA AVE', '173 WOOLPER AVE']",1.0,67,tier_2,"LLC entity (high investor probability); Small portfolio (2 properties); 80%+ properties are absentee-owned; Name contains investor keywords (Properties, Holdings, etc.)",Probable Investor - Strong prospect
LICHTENBERG PROPERTY NUMBER ONE LLC,2,0,,,llc,True,True,False,False,small,True,"['HAUCK RD', 'HAUCK RD']",1.0,67,tier_2,"LLC entity (high investor probability); Small portfolio (2 properties); 80%+ properties are absentee-owned; Name contains investor keywords (Properties, Holdings, etc.)",Probable Investor - Strong prospect
LIES PROPERTIES TWO LLC,2,0,,,llc,True,True,False,False,small,True,"['6320 COLERAIN AVE', '6320 COLERAIN AVE']",1.0,67,tier_2,"LLC entity (high investor probability); Small portfolio (2 properties); 80%+ properties are absentee-owned; Name contains investor keywords (Properties, Holdings, etc.)",Probable Investor - Strong prospect
MCCULLY PROPERTIES LLC,2,0,,,llc,True,True,False,False,small,True,"['3055 PERCY AVE', '9749 MANHATTAN DR']",1.0,67,tier_2,"LLC entity (high investor probability); Small portfolio (2 properties); 80%+ properties are absentee-owned; Name contains investor keywords (Properties, Holdings, etc.)",Probable Investor - Strong prospect
LIMITLESS MANAGEMENT GROUP LLC,2,0,,,llc,True,True,False,False,small,True,"['5200 WHETSEL AVE', '2635 CORA AVE']",1.0,67,tier_2,"LLC entity (high investor probability); Small portfolio (2 properties); 80%+ properties are absentee-owned; Name contains investor keywords (Properties, Holdings, etc.)",Probable Investor - Strong prospect
MCCORD INVESTMENT LIMITED PARTNERSHIP,2,0,,,partnership,True,True,False,False,small,True,"['2804 ERIE AVE', '1242 ISIS AVE']",1.0,63,tier_2,"Partnership (likely investor); Small portfolio (2 properties); 80%+ properties are absentee-owned; Name contains investor keywords (Properties, Holdings, etc.)",Probable Investor - Strong prospect
MCCORMICK GROUP LLC,2,0,,,llc,True,True,False,False,small,True,"['965 ENRIGHT AVE', '963 ENRIGHT AVE']",1.0,67,tier_2,"LLC entity (high investor probability); Small portfolio (2 properties); 80%+ properties are absentee-owned; Name contains investor keywords (Properties, Holdings, etc.)",Probable Investor - Strong prospect
LILY HOMES LLC,2,0,,,llc,True,True,False,False,small,True,"['7645 3 MONTGOMERY RD', '7633 6 MONTGOMERY RD']",1.0,67,tier_2,"LLC entity (high investor probability); Small portfolio (2 properties); 80%+ properties are absentee-owned; Name contains investor keywords (Properties, Holdings, etc.)",Probable Investor - Strong prospect
GAMMA1 INVESTMENTS LLC,2,0,,,llc,True,True,False,False,small,True,"['652 PROBASCO ST', '2964 DECKEBACH AVE']",1.0,67,tier_2,"LLC entity (high investor probability); Small portfolio (2 properties); 80%+ properties are absentee-owned; Name contains investor keywords (Properties, Holdings, etc.)",Probable Investor - Strong prospect
ETTRICK PROPERTIES LLC,2,0,,,llc,True,True,False,False,small,True,"['2481 FERGUSON RD', '2475 FERGUSON RD']",1.0,67,tier_2,"LLC entity (high investor probability); Small portfolio (2 properties); 80%+ properties are absentee-owned; Name contains investor keywords (Properties, Holdings, etc.)",Probable Investor - Strong prospect
MCH SFR PROPERTY OWNER 2 LLC,2,0,,,llc,True,True,False,False,small,True,"['340 S ELM ST', '1849 POPLAR DR']",1.0,67,tier_2,"LLC entity (high investor probability); Small portfolio (2 properties); 80%+ properties are absentee-owned; Name contains investor keywords (Properties, Holdings, etc.)",Probable Investor - Strong prospect
ESPICH REALTY LLC,2,0,,,llc,True,True,False,False,small,True,"['ROBERT AVE', '5307-09 ROBERT AVE']",1.0,67,tier_2,"LLC entity (high investor probability); Small portfolio (2 properties); 80%+ properties are absentee-owned; Name contains investor keywords (Properties, Holdings, etc.)",Probable Investor - Strong prospect
LEWIS REALTY LLC,2,0,,,llc,True,True,False,False,small,True,"['5631 COLERAIN AVE', '976 LOST CROSSING']",1.0,67,tier_2,"LLC entity (high investor probability); Small portfolio (2 properties); 80%+ properties are absentee-owned; Name contains investor keywords (Properties, Holdings, etc.)",Probable Investor - Strong prospect
EVTON PROPERTIES LLC,2,0,,,llc,True,True,False,False,small,True,"['3442 ZUMSTEIN AVE', '2062 WORTH AVE']",1.0,67,tier_2,"LLC entity (high investor probability); Small portfolio (2 properties); 80%+ properties are absentee-owned; Name contains investor keywords (Properties, Holdings, etc.)",Probable Investor - Strong prospect
EVOLVE UP PROPERTIES INC,2,0,,,corporation,True,True,False,False,small,True,"['3742 ANIOTON CT', '3321 WUNDER AVE']",1.0,64,tier_2,"Corporation (likely investor); Small portfolio (2 properties); 80%+ properties are absentee-owned; Name contains investor keywords (Properties, Holdings, etc.)",Probable Investor - Strong prospect
EWOOD PROPERTIES LLC,2,0,,,llc,True,True,False,False,small,True,"['5342 4U MEADOW WALK LN', '400 BEECH ST']",1.0,67,tier_2,"LLC entity (high investor probability); Small portfolio (2 properties); 80%+ properties are absentee-owned; Name contains investor keywords (Properties, Holdings, etc.)",Probable Investor - Strong prospect
LIBERTY HILL DEVELOPMENT GROUP INC,2,0,,,corporation,True,True,False,False,small,True,"['LIBERTY HILL CT', 'LIBERTY HILL CT']",1.0,64,tier_2,"Corporation (likely investor); Small portfolio (2 properties); 80%+ properties are absentee-owned; Name contains investor keywords (Properties, Holdings, etc.)",Probable Investor - Strong prospect
EYE HOMES INC,2,0,,,corporation,True,True,False,False,small,True,"['6803 EAST FORK RD', '4222 GEORGIA AVE']",1.0,64,tier_2,"Corporation (likely investor); Small portfolio (2 properties); 80%+ properties are absentee-owned; Name contains investor keywords (Properties, Holdings, etc.)",Probable Investor - Strong prospect
KUNKEL PROPERTIES LLC,2,0,,,llc,True,True,False,False,small,True,"['3667 OLD RED BANK RD', '3635 OLD RED BANK RD']",1.0,67,tier_2,"LLC entity (high investor probability); Small portfolio (2 properties); 80%+ properties are absentee-owned; Name contains investor keywords (Properties, Holdings, etc.)",Probable Investor - Strong prospect
LHL PROPERTIES LLC C/O LISA STAR,2,0,,,llc,True,True,False,False,small,True,"['312 W BENSON ST', '304 W BENSON ST']",1.0,67,tier_2,"LLC entity (high investor probability); Small portfolio (2 properties); 80%+ properties are absentee-owned; Name contains investor keywords (Properties, Holdings, etc.)",Probable Investor - Strong prospect
LHL PROPERTIES LLC,2,0,,,llc,True,True,False,False,small,True,"['300 W BENSON ST', '300 W BENSON ST']",1.0,67,tier_2,"LLC entity (high investor probability); Small portfolio (2 properties); 80%+ properties are absentee-owned; Name contains investor keywords (Properties, Holdings, etc.)",Probable Investor - Strong prospect
LEX PROPERTY MANAGEMENT & ACQUISITION LLC,2,0,,,llc,True,True,False,False,small,True,"['970 OAKLAND AVE', '3816 DAVORAN ST']",1.0,67,tier_2,"LLC entity (high investor probability); Small portfolio (2 properties); 80%+ properties are absentee-owned; Name contains investor keywords (Properties, Holdings, etc.)",Probable Investor - Strong prospect
EVEREST KENSINGTON HOLDINGS LLC,2,0,,,llc,True,True,False,False,small,True,"['11651 NORBOURNE DR', '11651 NORBOURNE DR']",1.0,67,tier_2,"LLC entity (high investor probability); Small portfolio (2 properties); 80%+ properties are absentee-owned; Name contains investor keywords (Properties, Holdings, etc.)",Probable Investor - Strong prospect
EVENDALE PROPERTY GROUP LLC,2,0,,,llc,True,True,False,False,small,True,"['EVENDALE COMMONS DR', 'EVENDALE COMMONS DR']",1.0,67,tier_2,"LLC entity (high investor probability); Small portfolio (2 properties); 80%+ properties are absentee-owned; Name contains investor keywords (Properties, Holdings, etc.)",Probable Investor - Strong prospect
CHESSIE PROPERTIES LLC,2,0,,,llc,True,True,False,False,small,True,"['532 HARRISON AVE', '430 RAY NORRISH DR']",1.0,67,tier_2,"LLC entity (high investor probability); Small portfolio (2 properties); 80%+ properties are absentee-owned; Name contains investor keywords (Properties, Holdings, etc.)",Probable Investor - Strong prospect
BKK RENTALS LLC,2,0,,,llc,True,True,False,False,small,True,"['6870 MULLEN RD', '6870 MULLEN RD']",1.0,67,tier_2,"LLC entity (high investor probability); Small portfolio (2 properties); 80%+ properties are absentee-owned; Name contains investor keywords (Properties, Holdings, etc.)",Probable Investor - Strong prospect
BKH PROPERTIES LLC,2,0,,,llc,True,True,False,False,small,True,"['7564 BOLEYN DR', '1997 COMPTON RD']",1.0,67,tier_2,"LLC entity (high investor probability); Small portfolio (2 properties); 80%+ properties are absentee-owned; Name contains investor keywords (Properties, Holdings, etc.)",Probable Investor - Strong prospect
BK PROPERTY HOLDINGS LLC,2,0,,,llc,True,True,False,False,small,True,"['8350 CORNELL RD', 'MONTGOMERY RD']",1.0,67,tier_2,"LLC entity (high investor probability); Small portfolio (2 properties); 80%+ properties are absentee-owned; Name contains investor keywords (Properties, Holdings, etc.)",Probable Investor - Strong prospect
BIRD PROPERTIES LLC,2,0,,,llc,True,True,False,False,small,True,"['4344 FOLEY RD', '5320 ROLSTON AVE']",1.0,67,tier_2,"LLC entity (high investor probability); Small portfolio (2 properties); 80%+ properties are absentee-owned; Name contains investor keywords (Properties, Holdings, etc.)",Probable Investor - Strong prospect
BIRK PROPERTIES LLC,2,0,,,llc,True,True,False,False,small,True,"['7235 SHAWNEE RUN RD', 'SHAWNEE RUN RD']",1.0,67,tier_2,"LLC entity (high investor probability); Small portfolio (2 properties); 80%+ properties are absentee-owned; Name contains investor keywords (Properties, Holdings, etc.)",Probable Investor - Strong prospect
MEYER INVESTMENTS OF CINCINNATI LLC,2,0,,,llc,True,True,False,False,small,True,"['12110 LEBANON RD', '10640 LOVELAND MADEIRA RD']",1.0,67,tier_2,"LLC entity (high investor probability); Small portfolio (2 properties); 80%+ properties are absentee-owned; Name contains investor keywords (Properties, Holdings, etc.)",Probable Investor - Strong prospect
MESA PROPERTIES LLC,2,0,,,llc,True,True,False,False,small,True,"['3350 ERIE AVE', '401 E MARTIN LUTHER KING JR DR']",1.0,67,tier_2,"LLC entity (high investor probability); Small portfolio (2 properties); 80%+ properties are absentee-owned; Name contains investor keywords (Properties, Holdings, etc.)",Probable Investor - Strong prospect
LANTANA PROPERTIES LLC,2,0,,,llc,True,True,False,False,small,True,"['4146 LANGLAND ST', '5788 LANTANA AVE']",1.0,67,tier_2,"LLC entity (high investor probability); Small portfolio (2 properties); 80%+ properties are absentee-owned; Name contains investor keywords (Properties, Holdings, etc.)",Probable Investor - Strong prospect
METRO REAL ESTATE HOLDINGS LLC,2,0,,,llc,True,True,False,False,small,True,"['2520 CHATHAM ST', '2524 CHATHAM ST']",1.0,67,tier_2,"LLC entity (high investor probability); Small portfolio (2 properties); 80%+ properties are absentee-owned; Name contains investor keywords (Properties, Holdings, etc.)",Probable Investor - Strong prospect
LARC PROPERTIES LLC,2,0,,,llc,True,True,False,False,small,True,"['6079 CLEVES WARSAW PK', '6095 CLEVES WARSAW PK']",1.0,67,tier_2,"LLC entity (high investor probability); Small portfolio (2 properties); 80%+ properties are absentee-owned; Name contains investor keywords (Properties, Holdings, etc.)",Probable Investor - Strong prospect
METHERD PROPERTIES LLC,2,0,,,llc,True,True,False,False,small,True,"['2356 44 PARK AVE', '2356 54 PARK AVE']",1.0,67,tier_2,"LLC entity (high investor probability); Small portfolio (2 properties); 80%+ properties are absentee-owned; Name contains investor keywords (Properties, Holdings, etc.)",Probable Investor - Strong prospect
BLACK IRON CAPITAL LLC,2,0,,,llc,True,True,False,False,small,True,"['906 MAIN ST', '908 MAIN ST']",1.0,67,tier_2,"LLC entity (high investor probability); Small portfolio (2 properties); 80%+ properties are absentee-owned; Name contains investor keywords (Properties, Holdings, etc.)",Probable Investor - Strong prospect
MESSINEO VENTURES LLC,2,0,,,llc,True,True,False,False,small,True,"['11264 PIPPIN RD', '955 STEFFEN AVE']",1.0,67,tier_2,"LLC entity (high investor probability); Small portfolio (2 properties); 80%+ properties are absentee-owned; Name contains investor keywords (Properties, Holdings, etc.)",Probable Investor - Strong prospect
LCVP PROPERTIES INC,2,0,,,corporation,True,True,False,False,small,True,"['5279 WOOSTER PK', '5281 EASTERN AVE']",1.0,64,tier_2,"Corporation (likely investor); Small portfolio (2 properties); 80%+ properties are absentee-owned; Name contains investor keywords (Properties, Holdings, etc.)",Probable Investor - Strong prospect
LDS III PROPERTIES LLC,2,0,,,llc,True,True,False,False,small,True,"['2361 VICTOR ST', '2357 VICTOR ST']",1.0,67,tier_2,"LLC entity (high investor probability); Small portfolio (2 properties); 80%+ properties are absentee-owned; Name contains investor keywords (Properties, Holdings, etc.)",Probable Investor - Strong prospect
LAVA PROPERTY LLC,2,0,,,llc,True,True,False,False,small,True,"['2742 2744 HARRISON AVE', 'HARRISON AVE']",1.0,67,tier_2,"LLC entity (high investor probability); Small portfolio (2 properties); 80%+ properties are absentee-owned; Name contains investor keywords (Properties, Holdings, etc.)",Probable Investor - Strong prospect
BHL GROUP LLC,2,764000,8345 CHARMING MANORWEST CHESTER OH 45069,BHL GROUP LLC 8345 CHARMING MANORWEST CHESTER OH 45069,llc,True,True,False,False,small,True,"['4311 TWENTY-EIGHTH ST', '2761 MINOT AVE']",1.0,67,tier_2,"LLC entity (high investor probability); Small portfolio (2 properties); 80%+ properties are absentee-owned; Name contains investor keywords (Properties, Holdings, etc.)",Probable Investor - Strong prospect
PENKLOR PROPERTIES LLC,2,0,,,llc,True,True,False,False,small,True,"['4352 SCHENCK AVE', '8006 BLUE ASH RD']",1.0,67,tier_2,"LLC entity (high investor probability); Small portfolio (2 properties); 80%+ properties are absentee-owned; Name contains investor keywords (Properties, Holdings, etc.)",Probable Investor - Strong prospect
BETHESDA INVESTMENTS LLC,2,226180,6530 BRADLEY BLVDBETHESDA MD 20817,BETHESDA INVESTMENTS LLC 6530 BRADLEY BLVDBETHESDA MD 20817,llc,True,True,False,False,small,True,"['1543 PLEASANT ST', '1541 PLEASANT ST']",1.0,67,tier_2,"LLC entity (high investor probability); Small portfolio (2 properties); 80%+ properties are absentee-owned; Name contains investor keywords (Properties, Holdings, etc.)",Probable Investor - Strong prospect
PEMBERLEY PROPERTIES LLC,2,0,,,llc,True,True,False,False,small,True,"['5316 MONTGOMERY RD', '5318 MONTGOMERY RD']",1.0,67,tier_2,"LLC entity (high investor probability); Small portfolio (2 properties); 80%+ properties are absentee-owned; Name contains investor keywords (Properties, Holdings, etc.)",Probable Investor - Strong prospect
BIGTYME VENTURES LLC,2,0,,,llc,True,True,False,False,small,True,"['6260 SIMPSON AVE', '2132 LINCOLN AVE']",1.0,67,tier_2,"LLC entity (high investor probability); Small portfolio (2 properties); 80%+ properties are absentee-owned; Name contains investor keywords (Properties, Holdings, etc.)",Probable Investor - Strong prospect
BIGGINS GROUP LLC,2,0,,,llc,True,True,False,False,small,True,"['6504 CORPORATE DR', '6504 CORPORATE DR']",1.0,67,tier_2,"LLC entity (high investor probability); Small portfolio (2 properties); 80%+ properties are absentee-owned; Name contains investor keywords (Properties, Holdings, etc.)",Probable Investor - Strong prospect
LAUCK HOLDINGS LLC,2,0,,,llc,True,True,False,False,small,True,"['1308 1310 WILLIAM H TAFT RD', '2710 WOODBURN AVE']",1.0,67,tier_2,"LLC entity (high investor probability); Small portfolio (2 properties); 80%+ properties are absentee-owned; Name contains investor keywords (Properties, Holdings, etc.)",Probable Investor - Strong prospect
MEYER PROPERTIES LLC,2,0,,,llc,True,True,False,False,small,True,"['2336 IOWA AVE', 'IOWA AVE']",1.0,67,tier_2,"LLC entity (high investor probability); Small portfolio (2 properties); 80%+ properties are absentee-owned; Name contains investor keywords (Properties, Holdings, etc.)",Probable Investor - Strong prospect
BIELEFELD RENTALS 1 LLC,2,0,,,llc,True,True,False,False,small,True,"['3805 MACK AVE', '306 SEKITAN AVE']",1.0,67,tier_2,"LLC entity (high investor probability); Small portfolio (2 properties); 80%+ properties are absentee-owned; Name contains investor keywords (Properties, Holdings, etc.)",Probable Investor - Strong prospect
LEADERSHIP FIRST PROPERTIES LLC,2,0,,,llc,True,True,False,False,small,True,"['1575 ELIZABETH PL', '2319 KLINE AVE']",1.0,67,tier_2,"LLC entity (high investor probability); Small portfolio (2 properties); 80%+ properties are absentee-owned; Name contains investor keywords (Properties, Holdings, etc.)",Probable Investor - Strong prospect
PEAK 5 INVESTMENTS LLC,2,0,,,llc,True,True,False,False,small,True,"['1431 SIGMA CR', '7807 HEATHERGLEN DR']",1.0,67,tier_2,"LLC entity (high investor probability); Small portfolio (2 properties); 80%+ properties are absentee-owned; Name contains investor keywords (Properties, Holdings, etc.)",Probable Investor - Strong prospect
PEAK RENTALS LLC,2,0,,,llc,True,True,False,False,small,True,"['11431 GRAVENHURST DR', '3530 REDSKIN DR']",1.0,67,tier_2,"LLC entity (high investor probability); Small portfolio (2 properties); 80%+ properties are absentee-owned; Name contains investor keywords (Properties, Holdings, etc.)",Probable Investor - Strong prospect
BIG TIME REAL ESTATE HOLDING CO LLC,2,0,,,corporation,True,True,False,False,small,True,"['524 N WAYNE AVE', '524 N WAYNE AVE']",1.0,64,tier_2,"Corporation (likely investor); Small portfolio (2 properties); 80%+ properties are absentee-owned; Name contains investor keywords (Properties, Holdings, etc.)",Probable Investor - Strong prospect
BIG SIX REALTY LLC,2,0,,,llc,True,True,False,False,small,True,"['3142 MADISON RD', '1025 DALTON AVE']",1.0,67,tier_2,"LLC entity (high investor probability); Small portfolio (2 properties); 80%+ properties are absentee-owned; Name contains investor keywords (Properties, Holdings, etc.)",Probable Investor - Strong prospect
MG BUILDING PROPERTY LLC,2,0,,,llc,True,True,False,False,small,True,"['10157 WAYNE AVE', '10157 WAYNE AVE']",1.0,67,tier_2,"LLC entity (high investor probability); Small portfolio (2 properties); 80%+ properties are absentee-owned; Name contains investor keywords (Properties, Holdings, etc.)",Probable Investor - Strong prospect
MGDK INVESTMENTS LLC,2,0,,,llc,True,True,False,False,small,True,"['1513 ST LEGER PL', '5234 HUNTER AVE']",1.0,67,tier_2,"LLC entity (high investor probability); Small portfolio (2 properties); 80%+ properties are absentee-owned; Name contains investor keywords (Properties, Holdings, etc.)",Probable Investor - Strong prospect
CHANTILAS CINCY PROPERTIES LLC,2,0,,,llc,True,True,False,False,small,True,"['9237 PLAINFIELD RD', '9254 PLAINFIELD RD']",1.0,67,tier_2,"LLC entity (high investor probability); Small portfolio (2 properties); 80%+ properties are absentee-owned; Name contains investor keywords (Properties, Holdings, etc.)",Probable Investor - Strong prospect
CHANG LAND PROPERTIES LLC,2,0,,,llc,True,True,False,False,small,True,"['1990 KINNEY AVE', '1818 HIGHLAND AVE']",1.0,67,tier_2,"LLC entity (high investor probability); Small portfolio (2 properties); 80%+ properties are absentee-owned; Name contains investor keywords (Properties, Holdings, etc.)",Probable Investor - Strong prospect
LEMS REALTY LLC,2,0,,,llc,True,True,False,False,small,True,"['3015 BEEKMAN ST', '3019 BEEKMAN ST']",1.0,67,tier_2,"LLC entity (high investor probability); Small portfolio (2 properties); 80%+ properties are absentee-owned; Name contains investor keywords (Properties, Holdings, etc.)",Probable Investor - Strong prospect
CHARACTER HOMES HOLDINGS LLC,2,0,,,llc,True,True,False,False,small,True,"['2635 VICTORY PW', 'MULBERRY ST']",1.0,67,tier_2,"LLC entity (high investor probability); Small portfolio (2 properties); 80%+ properties are absentee-owned; Name contains investor keywords (Properties, Holdings, etc.)",Probable Investor - Strong prospect
MEJ HOLDINGS LLC,2,0,,,llc,True,True,False,False,small,True,"['8986 MOCKINGBIRD LN', '1282 NORMAN AVE']",1.0,67,tier_2,"LLC entity (high investor probability); Small portfolio (2 properties); 80%+ properties are absentee-owned; Name contains investor keywords (Properties, Holdings, etc.)",Probable Investor - Strong prospect
LANDIS PROPERTIES II LLC,2,0,,,llc,True,True,False,False,small,True,"['9874 LORALINDA DR', '1610 FORESTER DR']",1.0,67,tier_2,"LLC entity (high investor probability); Small portfolio (2 properties); 80%+ properties are absentee-owned; Name contains investor keywords (Properties, Holdings, etc.)",Probable Investor - Strong prospect
MEDULLA OBLONGATA PROPERTY HOLDINGS LLC,2,0,,,llc,True,True,False,False,small,True,"['6 ESTELLE ST', '2021 AUBURN AVE']",1.0,67,tier_2,"LLC entity (high investor probability); Small portfolio (2 properties); 80%+ properties are absentee-owned; Name contains investor keywords (Properties, Holdings, etc.)",Probable Investor - Strong prospect
MDA VENTURES LLC,2,0,,,llc,True,True,False,False,small,True,"['VALLEY VIEW LN', '330 LOVELAND MADEIRA RD']",1.0,67,tier_2,"LLC entity (high investor probability); Small portfolio (2 properties); 80%+ properties are absentee-owned; Name contains investor keywords (Properties, Holdings, etc.)",Probable Investor - Strong prospect
LEON & ETTA MAE HOLDINGS LLC,2,0,,,llc,True,True,False,False,small,True,"['4533 PLAINVILLE RD', '5145 CLEVES WARSAW PK']",1.0,67,tier_2,"LLC entity (high investor probability); Small portfolio (2 properties); 80%+ properties are absentee-owned; Name contains investor keywords (Properties, Holdings, etc.)",Probable Investor - Strong prospect
CHASE HOLDINGS LLC,2,0,,,llc,True,True,False,False,small,True,"['6229 MONTGOMERY RD', '6229 MONTGOMERY RD']",1.0,67,tier_2,"LLC entity (high investor probability); Small portfolio (2 properties); 80%+ properties are absentee-owned; Name contains investor keywords (Properties, Holdings, etc.)",Probable Investor - Strong prospect
MEDINA HOLDINGS LLC,2,0,,,llc,True,True,False,False,small,True,"['713 #1 E MCMILLAN AVE', '713 MCMILLAN AVE']",1.0,67,tier_2,"LLC entity (high investor probability); Small portfolio (2 properties); 80%+ properties are absentee-owned; Name contains investor keywords (Properties, Holdings, etc.)",Probable Investor - Strong prospect
LEONARD GROUP LLP,2,0,,,partnership,True,True,False,False,small,True,"['6634 RIVER RD', '6803 RIVER RD']",1.0,63,tier_2,"Partnership (likely investor); Small portfolio (2 properties); 80%+ properties are absentee-owned; Name contains investor keywords (Properties, Holdings, etc.)",Probable Investor - Strong prospect
BLG HOLDINGS LLC,2,0,,,llc,True,True,False,False,small,True,"['7353 A E KEMPER RD', '7353 B E KEMPER RD']",1.0,67,tier_2,"LLC entity (high investor probability); Small portfolio (2 properties); 80%+ properties are absentee-owned; Name contains investor keywords (Properties, Holdings, etc.)",Probable Investor - Strong prospect
MENTOR RENTALS LLC,2,0,,,llc,True,True,False,False,small,True,"['1905 MENTOR AVE', '1901 MENTOR AVE']",1.0,67,tier_2,"LLC entity (high investor probability); Small portfolio (2 properties); 80%+ properties are absentee-owned; Name contains investor keywords (Properties, Holdings, etc.)",Probable Investor - Strong prospect
MERK HOLDINGS KY 2 LLC,2,0,,,llc,True,True,False,False,small,True,"['219 BODMANN AVE', '2500 10 WARSAW AVE']",1.0,67,tier_2,"LLC entity (high investor probability); Small portfolio (2 properties); 80%+ properties are absentee-owned; Name contains investor keywords (Properties, Holdings, etc.)",Probable Investor - Strong prospect
MERK HOLDINGS OH 1 LLC,2,0,,,llc,True,True,False,False,small,True,"['2117 HIGHLAND AVE', '2500 8 WARSAW AVE']",1.0,67,tier_2,"LLC entity (high investor probability); Small portfolio (2 properties); 80%+ properties are absentee-owned; Name contains investor keywords (Properties, Holdings, etc.)",Probable Investor - Strong prospect
LEGENDARY RIDGE PROPERTIES LLC,2,0,,,llc,True,True,False,False,small,True,"['MATTIES WY', '8219 CHARLIES WY']",1.0,67,tier_2,"LLC entity (high investor probability); Small portfolio (2 properties); 80%+ properties are absentee-owned; Name contains investor keywords (Properties, Holdings, etc.)",Probable Investor - Strong prospect
BLEH PROPERTY HOLDINGS LLC,2,0,,,llc,True,True,False,False,small,True,"['35 E COURT ST', '37 E COURT ST']",1.0,67,tier_2,"LLC entity (high investor probability); Small portfolio (2 properties); 80%+ properties are absentee-owned; Name contains investor keywords (Properties, Holdings, etc.)",Probable Investor - Strong prospect
LEGENDARY HOLDINGS LLC,2,0,,,llc,True,True,False,False,small,True,"['7813 LAUREL AVE', 'RAILROAD AVE']",1.0,67,tier_2,"LLC entity (high investor probability); Small portfolio (2 properties); 80%+ properties are absentee-owned; Name contains investor keywords (Properties, Holdings, etc.)",Probable Investor - Strong prospect
BLS HOLDINGS LLC,2,0,,,llc,True,True,False,False,small,True,"['2716 WOODBURN AVE', '2712 WOODBURN AVE']",1.0,67,tier_2,"LLC entity (high investor probability); Small portfolio (2 properties); 80%+ properties are absentee-owned; Name contains investor keywords (Properties, Holdings, etc.)",Probable Investor - Strong prospect
BMC CAPITAL PARTNERS LLC,2,0,,,partnership,True,True,False,False,small,True,"['3317 BEVIS AVE', '763 WELLS ST']",1.0,63,tier_2,"Partnership (likely investor); Small portfolio (2 properties); 80%+ properties are absentee-owned; Name contains investor keywords (Properties, Holdings, etc.)",Probable Investor - Strong prospect
MEMD PROPERTIES LLC,2,0,,,llc,True,True,False,False,small,True,"['8568 PINE RD', '8098 CAMNER AVE']",1.0,67,tier_2,"LLC entity (high investor probability); Small portfolio (2 properties); 80%+ properties are absentee-owned; Name contains investor keywords (Properties, Holdings, etc.)",Probable Investor - Strong prospect
MELL PROPERTIES LLC,2,0,,,llc,True,True,False,False,small,True,"['7850 HARRISON AVE', '1023 MATTHEWS DR']",1.0,67,tier_2,"LLC entity (high investor probability); Small portfolio (2 properties); 80%+ properties are absentee-owned; Name contains investor keywords (Properties, Holdings, etc.)",Probable Investor - Strong prospect
CH CAROLINA PROPERTY LLC,2,0,,,llc,True,True,False,False,small,True,"['1517 WITTEKIND TE', '9610 MONROE AVE']",1.0,67,tier_2,"LLC entity (high investor probability); Small portfolio (2 properties); 80%+ properties are absentee-owned; Name contains investor keywords (Properties, Holdings, etc.)",Probable Investor - Strong prospect
CH BUSINESS DISTRICT INVESTMENTS LLC,2,0,,,llc,True,True,False,False,small,True,"['5917 HAMILTON AVE', '5932 HAMILTON AVE']",1.0,67,tier_2,"LLC entity (high investor probability); Small portfolio (2 properties); 80%+ properties are absentee-owned; Name contains investor keywords (Properties, Holdings, etc.)",Probable Investor - Strong prospect
CH BUSINESS DISTRICT INVESTMENTS II LLC,2,0,,,llc,True,True,False,False,small,True,"['5905 HAMILTON AVE', '5901-5903 HAMILTON AVE']",1.0,67,tier_2,"LLC entity (high investor probability); Small portfolio (2 properties); 80%+ properties are absentee-owned; Name contains investor keywords (Properties, Holdings, etc.)",Probable Investor - Strong prospect
BLUE DOOR INVESTMENTS LLC,2,0,,,llc,True,True,False,False,small,True,"['703 DANVERS DR', '798 DANBURY RD']",1.0,67,tier_2,"LLC entity (high investor probability); Small portfolio (2 properties); 80%+ properties are absentee-owned; Name contains investor keywords (Properties, Holdings, etc.)",Probable Investor - Strong prospect
BLUE HORIZON CAPITAL LLC,2,0,,,llc,True,True,False,False,small,True,"['3034 MONTANA AVE', '1761 CLEVELAND AVE']",1.0,67,tier_2,"LLC entity (high investor probability); Small portfolio (2 properties); 80%+ properties are absentee-owned; Name contains investor keywords (Properties, Holdings, etc.)",Probable Investor - Strong prospect
LONGVIEW INVESTMENT PROPERTIES LLC,2,0,,,llc,True,True,False,False,small,True,"['7225 LONGVIEW ST', '121 W SEVENTY-THIRD ST']",1.0,67,tier_2,"LLC entity (high investor probability); Small portfolio (2 properties); 80%+ properties are absentee-owned; Name contains investor keywords (Properties, Holdings, etc.)",Probable Investor - Strong prospect
MAHOGANY PROPERTIES LLC,2,0,,,llc,True,True,False,False,small,True,"['3813 ZINSLE AVE', '7245 ELBROOK AVE']",1.0,67,tier_2,"LLC entity (high investor probability); Small portfolio (2 properties); 80%+ properties are absentee-owned; Name contains investor keywords (Properties, Holdings, etc.)",Probable Investor - Strong prospect
LOOKOUT HOLDINGS LLC,2,0,,,llc,True,True,False,False,small,True,"['7404 ORCHARD ST', '7406 ORCHARD ST']",1.0,67,tier_2,"LLC entity (high investor probability); Small portfolio (2 properties); 80%+ properties are absentee-owned; Name contains investor keywords (Properties, Holdings, etc.)",Probable Investor - Strong prospect
HILLTOP LANE INVESTMENTS LLC,2,0,,,llc,True,True,False,False,small,True,"['15 6 VALE AVE', '25 11 VALE AVE']",1.0,67,tier_2,"LLC entity (high investor probability); Small portfolio (2 properties); 80%+ properties are absentee-owned; Name contains investor keywords (Properties, Holdings, etc.)",Probable Investor - Strong prospect
KOHAKE FAMILY INVESTMENTS LLC,2,0,,,llc,True,True,False,False,small,True,"['2919 GLENDORA AVE', '2923 GLENDORA AVE']",1.0,67,tier_2,"LLC entity (high investor probability); Small portfolio (2 properties); 80%+ properties are absentee-owned; Name contains investor keywords (Properties, Holdings, etc.)",Probable Investor - Strong prospect
MAINROSE PROPERTIES LLC,2,0,,,llc,True,True,False,False,small,True,"['2111 CRANE AVE', '2152 CRANE AVE']",1.0,67,tier_2,"LLC entity (high investor probability); Small portfolio (2 properties); 80%+ properties are absentee-owned; Name contains investor keywords (Properties, Holdings, etc.)",Probable Investor - Strong prospect
HLB INVESTMENTS LLC,2,0,,,llc,True,True,False,False,small,True,"['3622 FYFFE AVE', '3934 N FORDHAM PL']",1.0,67,tier_2,"LLC entity (high investor probability); Small portfolio (2 properties); 80%+ properties are absentee-owned; Name contains investor keywords (Properties, Holdings, etc.)",Probable Investor - Strong prospect
MADCAT PROPERTIES LLC,2,0,,,llc,True,True,False,False,small,True,"['1172 ALNETTA DR', '1187 SHANGRILA DR']",1.0,67,tier_2,"LLC entity (high investor probability); Small portfolio (2 properties); 80%+ properties are absentee-owned; Name contains investor keywords (Properties, Holdings, etc.)",Probable Investor - Strong prospect
HJA PROPERTIES LLC,2,0,,,llc,True,True,False,False,small,True,"['6494 SPRUCE ST', '6494 SPRUCE ST']",1.0,67,tier_2,"LLC entity (high investor probability); Small portfolio (2 properties); 80%+ properties are absentee-owned; Name contains investor keywords (Properties, Holdings, etc.)",Probable Investor - Strong prospect
HISLE INVESTMENT GROUP LLC,2,0,,,llc,True,True,False,False,small,True,"['2524 MELROSE AVE', '3807 CASS AVE']",1.0,67,tier_2,"LLC entity (high investor probability); Small portfolio (2 properties); 80%+ properties are absentee-owned; Name contains investor keywords (Properties, Holdings, etc.)",Probable Investor - Strong prospect
HIXCOS PROPERTIES LLC,2,0,,,llc,True,True,False,False,small,True,"['6127 ELBROOK AVE', '115 TOWNSHIP AVE']",1.0,67,tier_2,"LLC entity (high investor probability); Small portfolio (2 properties); 80%+ properties are absentee-owned; Name contains investor keywords (Properties, Holdings, etc.)",Probable Investor - Strong prospect
MADIREDDY HOMES LLC,2,0,,,llc,True,True,False,False,small,True,"['7354 BLUE ASH RD', '7354 BLUE ASH RD']",1.0,67,tier_2,"LLC entity (high investor probability); Small portfolio (2 properties); 80%+ properties are absentee-owned; Name contains investor keywords (Properties, Holdings, etc.)",Probable Investor - Strong prospect
MADISON COURT PROPERTIES LLC,2,0,,,llc,True,True,False,False,small,True,"['2487 MADISON RD', '2493 MADISON RD']",1.0,67,tier_2,"LLC entity (high investor probability); Small portfolio (2 properties); 80%+ properties are absentee-owned; Name contains investor keywords (Properties, Holdings, etc.)",Probable Investor - Strong prospect
LOOS PROPERTIES LLC,2,0,,,llc,True,True,False,False,small,True,"['SUSPENSION BRIDGE RD', 'SUSPENSION BRIDGE RD']",1.0,67,tier_2,"LLC entity (high investor probability); Small portfolio (2 properties); 80%+ properties are absentee-owned; Name contains investor keywords (Properties, Holdings, etc.)",Probable Investor - Strong prospect
MADISON PARK PROPERTIES LLC,2,0,,,llc,True,True,False,False,small,True,"['1826 MAPLE AVE', '1826 MAPLE AVE']",1.0,67,tier_2,"LLC entity (high investor probability); Small portfolio (2 properties); 80%+ properties are absentee-owned; Name contains investor keywords (Properties, Holdings, etc.)",Probable Investor - Strong prospect
HIDDEN MEADOWS INVESTMENTS LLC,2,0,,,llc,True,True,False,False,small,True,"['2333-2414 HIDDENMEADOWS DR', 'HAMILTON AVE']",1.0,67,tier_2,"LLC entity (high investor probability); Small portfolio (2 properties); 80%+ properties are absentee-owned; Name contains investor keywords (Properties, Holdings, etc.)",Probable Investor - Strong prospect
MANKIND PROPERTIES LLC,2,0,,,llc,True,True,False,False,small,True,"['2960 EXON AVE', '2960 EXON AVE']",1.0,67,tier_2,"LLC entity (high investor probability); Small portfolio (2 properties); 80%+ properties are absentee-owned; Name contains investor keywords (Properties, Holdings, etc.)",Probable Investor - Strong prospect
HIGHLAND VENTURES REAL ESTATE II LLC,2,0,,,llc,True,True,False,False,small,True,"['3119 GLENMORE AVE', '1198 W GALBRAITH RD']",1.0,67,tier_2,"LLC entity (high investor probability); Small portfolio (2 properties); 80%+ properties are absentee-owned; Name contains investor keywords (Properties, Holdings, etc.)",Probable Investor - Strong prospect
MANDY REALTY LLC,2,0,,,llc,True,True,False,False,small,True,"['2148 GRAND AVE', 'SARANAC AVE']",1.0,67,tier_2,"LLC entity (high investor probability); Small portfolio (2 properties); 80%+ properties are absentee-owned; Name contains investor keywords (Properties, Holdings, etc.)",Probable Investor - Strong prospect
HIGHLAND LAND GROUP LTD,2,0,,,partnership,True,True,False,False,small,True,"['4791 RYBOLT RD', 'WESSELMAN RD']",1.0,63,tier_2,"Partnership (likely investor); Small portfolio (2 properties); 80%+ properties are absentee-owned; Name contains investor keywords (Properties, Holdings, etc.)",Probable Investor - Strong prospect
MALIK INVESTMENTS LLC,2,0,,,llc,True,True,False,False,small,True,"['3636 HYDE PARK AVE', '1452 COLLINSDALE AVE']",1.0,67,tier_2,"LLC entity (high investor probability); Small portfolio (2 properties); 80%+ properties are absentee-owned; Name contains investor keywords (Properties, Holdings, etc.)",Probable Investor - Strong prospect
HILL VIEW PROPERTIES INC,2,0,,,corporation,True,True,False,False,small,True,"['STURDY AVE', 'W EASTWOOD CR']",1.0,64,tier_2,"Corporation (likely investor); Small portfolio (2 properties); 80%+ properties are absentee-owned; Name contains investor keywords (Properties, Holdings, etc.)",Probable Investor - Strong prospect
KOLI PROPERTIES LLC,2,0,,,llc,True,True,False,False,small,True,"['5729 GLENWAY AVE', '5717 GLENWAY AVE']",1.0,67,tier_2,"LLC entity (high investor probability); Small portfolio (2 properties); 80%+ properties are absentee-owned; Name contains investor keywords (Properties, Holdings, etc.)",Probable Investor - Strong prospect
LOHMEIER REAL ESTATE HOLDINGS LLC,2,0,,,llc,True,True,False,False,small,True,"['3369 GLENDALE MILFORD RD', '10379 ARBORHILL LN']",1.0,67,tier_2,"LLC entity (high investor probability); Small portfolio (2 properties); 80%+ properties are absentee-owned; Name contains investor keywords (Properties, Holdings, etc.)",Probable Investor - Strong prospect
LOHMEIER FAMILY INVESTMENTS LLC,2,0,,,llc,True,True,False,False,small,True,"['10390 ARBORHILL LN', '10378 ARBORHILL LN']",1.0,67,tier_2,"LLC entity (high investor probability); Small portfolio (2 properties); 80%+ properties are absentee-owned; Name contains investor keywords (Properties, Holdings, etc.)",Probable Investor - Strong prospect
MALONE APARTMENT-HOMES LLC THE,2,0,,,llc,True,True,False,False,small,True,"['547 HALE AVE', '3826 WASHINGTON AVE']",1.0,67,tier_2,"LLC entity (high investor probability); Small portfolio (2 properties); 80%+ properties are absentee-owned; Name contains investor keywords (Properties, Holdings, etc.)",Probable Investor - Strong prospect
MACS PIZZA PUB HOLDINGS LLC,2,0,,,llc,True,True,False,False,small,True,"['2437 CLIFTON AVE', '205 W MCMILLAN AVE']",1.0,67,tier_2,"LLC entity (high investor probability); Small portfolio (2 properties); 80%+ properties are absentee-owned; Name contains investor keywords (Properties, Holdings, etc.)",Probable Investor - Strong prospect
LOVITT INVESTMENTS LLC,2,0,,,llc,True,True,False,False,small,True,"['3415 CREEK RD', '11413 CHESTER RD']",1.0,67,tier_2,"LLC entity (high investor probability); Small portfolio (2 properties); 80%+ properties are absentee-owned; Name contains investor keywords (Properties, Holdings, etc.)",Probable Investor - Strong prospect
KLT HOLDINGS LLC,2,0,,,llc,True,True,False,False,small,True,"['7752 12 MONTGOMERY RD', '7752 48 MONTGOMERY RD']",1.0,67,tier_2,"LLC entity (high investor probability); Small portfolio (2 properties); 80%+ properties are absentee-owned; Name contains investor keywords (Properties, Holdings, etc.)",Probable Investor - Strong prospect
LUMEN PROPERTIES LLC,2,0,,,llc,True,True,False,False,small,True,"['7716 DARTMOOR CT', '7687 SPIREA DR']",1.0,67,tier_2,"LLC entity (high investor probability); Small portfolio (2 properties); 80%+ properties are absentee-owned; Name contains investor keywords (Properties, Holdings, etc.)",Probable Investor - Strong prospect
LUMARDO PROPERTIES LLC,2,0,,,llc,True,True,False,False,small,True,"['3408 LUMARDO AVE', '3412 LUMARDO AVE']",1.0,67,tier_2,"LLC entity (high investor probability); Small portfolio (2 properties); 80%+ properties are absentee-owned; Name contains investor keywords (Properties, Holdings, etc.)",Probable Investor - Strong prospect
KIRII INVESTMENTS LLC,2,0,,,llc,True,True,False,False,small,True,"['4010 HEYWARD ST', '4008 HEYWARD ST']",1.0,67,tier_2,"LLC entity (high investor probability); Small portfolio (2 properties); 80%+ properties are absentee-owned; Name contains investor keywords (Properties, Holdings, etc.)",Probable Investor - Strong prospect
LULU PROPERTIES LLC,2,0,,,llc,True,True,False,False,small,True,"['582 TORRENCE LN', '574 TORRENCE LN']",1.0,67,tier_2,"LLC entity (high investor probability); Small portfolio (2 properties); 80%+ properties are absentee-owned; Name contains investor keywords (Properties, Holdings, etc.)",Probable Investor - Strong prospect
KINSMEN PROPERTIES LLC,2,0,,,llc,True,True,False,False,small,True,"['3768 ASHWORTH DR', '3000 LINWOOD AVE']",1.0,67,tier_2,"LLC entity (high investor probability); Small portfolio (2 properties); 80%+ properties are absentee-owned; Name contains investor keywords (Properties, Holdings, etc.)",Probable Investor - Strong prospect
KMS REAL ESTATE LLC,2,0,,,llc,True,True,False,False,small,True,"['5318 DELHI PK', '5318 DELHI PK']",1.0,67,tier_2,"LLC entity (high investor probability); Small portfolio (2 properties); 80%+ properties are absentee-owned; Name contains investor keywords (Properties, Holdings, etc.)",Probable Investor - Strong prospect
LUTHER PROPERTIES LLC,2,0,,,llc,True,True,False,False,small,True,"['2923 WILLOW RIDGE DR', '7408 HAMILTON AVE']",1.0,67,tier_2,"LLC entity (high investor probability); Small portfolio (2 properties); 80%+ properties are absentee-owned; Name contains investor keywords (Properties, Holdings, etc.)",Probable Investor - Strong prospect
KIRBY HOMES LLC,2,0,,,llc,True,True,False,False,small,True,"['8904 SUMMIT AVE', '4928 LAUREL AVE']",1.0,67,tier_2,"LLC entity (high investor probability); Small portfolio (2 properties); 80%+ properties are absentee-owned; Name contains investor keywords (Properties, Holdings, etc.)",Probable Investor - Strong prospect
LUCRUM HOLDINGS LLC,2,0,,,llc,True,True,False,False,small,True,"['11804 CONREY RD', '11802 CONREY RD']",1.0,67,tier_2,"LLC entity (high investor probability); Small portfolio (2 properties); 80%+ properties are absentee-owned; Name contains investor keywords (Properties, Holdings, etc.)",Probable Investor - Strong prospect
LTF REAL ESTATE COMPANY INC,2,0,,,corporation,True,True,False,False,small,True,"['11790 SNIDER RD', '11820 SNIDER RD']",1.0,64,tier_2,"Corporation (likely investor); Small portfolio (2 properties); 80%+ properties are absentee-owned; Name contains investor keywords (Properties, Holdings, etc.)",Probable Investor - Strong prospect
LSI VENTURES LLC,2,0,,,llc,True,True,False,False,small,True,"['7861 GLENORCHARD DR', '7871 GLENORCHARD DR']",1.0,67,tier_2,"LLC entity (high investor probability); Small portfolio (2 properties); 80%+ properties are absentee-owned; Name contains investor keywords (Properties, Holdings, etc.)",Probable Investor - Strong prospect
KITE VINCENT PROPERTIES LLC,2,0,,,llc,True,True,False,False,small,True,"['1212 BATES AVE', '223 N COOPER AVE']",1.0,67,tier_2,"LLC entity (high investor probability); Small portfolio (2 properties); 80%+ properties are absentee-owned; Name contains investor keywords (Properties, Holdings, etc.)",Probable Investor - Strong prospect
LOWITZ PROPERTIES LLC,2,0,,,llc,True,True,False,False,small,True,"['8700 WINTON RD', '8712 WINTON RD']",1.0,67,tier_2,"LLC entity (high investor probability); Small portfolio (2 properties); 80%+ properties are absentee-owned; Name contains investor keywords (Properties, Holdings, etc.)",Probable Investor - Strong prospect
LUCY OXLEY HOMES LLC,2,0,,,llc,True,True,False,False,small,True,"['1627 DEXTER AVE', '1625 DEXTER AVE']",1.0,67,tier_2,"LLC entity (high investor probability); Small portfolio (2 properties); 80%+ properties are absentee-owned; Name contains investor keywords (Properties, Holdings, etc.)",Probable Investor - Strong prospect
KLKP VENTURES LLC,2,0,,,llc,True,True,False,False,small,True,"['125 PEARL ST', 'PEARL ST']",1.0,67,tier_2,"LLC entity (high investor probability); Small portfolio (2 properties); 80%+ properties are absentee-owned; Name contains investor keywords (Properties, Holdings, etc.)",Probable Investor - Strong prospect
KJA1 HOLDINGS LLC,2,0,,,llc,True,True,False,False,small,True,"['1242 BLANCHARD AVE', '1240 BLANCHARD AVE']",1.0,67,tier_2,"LLC entity (high investor probability); Small portfolio (2 properties); 80%+ properties are absentee-owned; Name contains investor keywords (Properties, Holdings, etc.)",Probable Investor - Strong prospect
KJA HOLDINGS LLC,2,0,,,llc,True,True,False,False,small,True,"['1108 ROSETREE LN', '6279 THOLE RD']",1.0,67,tier_2,"LLC entity (high investor probability); Small portfolio (2 properties); 80%+ properties are absentee-owned; Name contains investor keywords (Properties, Holdings, etc.)",Probable Investor - Strong prospect
KMVB PROPERTIES LLC,2,0,,,llc,True,True,False,False,small,True,"['4181 HAMILTON AVE', '5918 LANTANA AVE']",1.0,67,tier_2,"LLC entity (high investor probability); Small portfolio (2 properties); 80%+ properties are absentee-owned; Name contains investor keywords (Properties, Holdings, etc.)",Probable Investor - Strong prospect
LORPEN PROPERTIES LTD,2,0,,,partnership,True,True,False,False,small,True,"['401 STANLEY AVE', '3528 COLUMBIA PKWY']",1.0,63,tier_2,"Partnership (likely investor); Small portfolio (2 properties); 80%+ properties are absentee-owned; Name contains investor keywords (Properties, Holdings, etc.)",Probable Investor - Strong prospect
MACEY RENTALS LLC,2,0,,,llc,True,True,False,False,small,True,"['5650 MACEY AVE', '5654 MACEY AVE']",1.0,67,tier_2,"LLC entity (high investor probability); Small portfolio (2 properties); 80%+ properties are absentee-owned; Name contains investor keywords (Properties, Holdings, etc.)",Probable Investor - Strong prospect
LOT KING REALTY LTD,2,0,,,partnership,True,True,False,False,small,True,"['BERTE ST', '5820 BERTE ST']",1.0,63,tier_2,"Partnership (likely investor); Small portfolio (2 properties); 80%+ properties are absentee-owned; Name contains investor keywords (Properties, Holdings, etc.)",Probable Investor - Strong prospect
KNM HOLDINGS LLC,2,0,,,llc,True,True,False,False,small,True,"['6407 WARRICK ST', 'SETTLE ST']",1.0,67,tier_2,"LLC entity (high investor probability); Small portfolio (2 properties); 80%+ properties are absentee-owned; Name contains investor keywords (Properties, Holdings, etc.)",Probable Investor - Strong prospect
KNOCK INVESTMENTS LLC,2,0,,,llc,True,True,False,False,small,True,"['659 W THIRD ST', '750 W THIRD ST']",1.0,67,tier_2,"LLC entity (high investor probability); Small portfolio (2 properties); 80%+ properties are absentee-owned; Name contains investor keywords (Properties, Holdings, etc.)",Probable Investor - Strong prospect
KNODTAB PROPERTIES LLC,2,0,,,llc,True,True,False,False,small,True,"['4503 W EIGHTH ST', '4505 W EIGHTH ST']",1.0,67,tier_2,"LLC entity (high investor probability); Small portfolio (2 properties); 80%+ properties are absentee-owned; Name contains investor keywords (Properties, Holdings, etc.)",Probable Investor - Strong prospect
KNOWLTON REALTY LLC,2,0,,,llc,True,True,False,False,small,True,"['2524 LESLIE AVE', '2524 LESLIE AVE']",1.0,67,tier_2,"LLC entity (high investor probability); Small portfolio (2 properties); 80%+ properties are absentee-owned; Name contains investor keywords (Properties, Holdings, etc.)",Probable Investor - Strong prospect
KNOSE HOLDINGS LLC,2,0,,,llc,True,True,False,False,small,True,"['5928 HAMILTON CLEVES RD', 'STATE ROUTE 128']",1.0,67,tier_2,"LLC entity (high investor probability); Small portfolio (2 properties); 80%+ properties are absentee-owned; Name contains investor keywords (Properties, Holdings, etc.)",Probable Investor - Strong prospect
KINGS RUN REAL ESTATE LLC,2,0,,,llc,True,True,False,False,small,True,"['4657 KINGS RUN DR', '417 KINGS RUN DR']",1.0,67,tier_2,"LLC entity (high investor probability); Small portfolio (2 properties); 80%+ properties are absentee-owned; Name contains investor keywords (Properties, Holdings, etc.)",Probable Investor - Strong prospect
KINGS ROAD PROPERTIES LLC,2,0,,,llc,True,True,False,False,small,True,"['36 W CHARLOTTE AVE', '4843 LAUREL AVE']",1.0,67,tier_2,"LLC entity (high investor probability); Small portfolio (2 properties); 80%+ properties are absentee-owned; Name contains investor keywords (Properties, Holdings, etc.)",Probable Investor - Strong prospect
LUXURY INVESTMENTS LLC,2,0,,,llc,True,True,False,False,small,True,"['8105 VINE ST', '8103 SPRINGFIELD PK']",1.0,67,tier_2,"LLC entity (high investor probability); Small portfolio (2 properties); 80%+ properties are absentee-owned; Name contains investor keywords (Properties, Holdings, etc.)",Probable Investor - Strong prospect
LWS REALTY GROUP LLC,2,0,,,llc,True,True,False,False,small,True,"['3116 ILLINOIS AVE', '3025 BEEKMAN ST']",1.0,67,tier_2,"LLC entity (high investor probability); Small portfolio (2 properties); 80%+ properties are absentee-owned; Name contains investor keywords (Properties, Holdings, etc.)",Probable Investor - Strong prospect
LYSTA PROPERTIES LLC,2,0,,,llc,True,True,False,False,small,True,"['7643 2 MONTGOMERY RD', '7647 3 MONTGOMERY RD']",1.0,67,tier_2,"LLC entity (high investor probability); Small portfolio (2 properties); 80%+ properties are absentee-owned; Name contains investor keywords (Properties, Holdings, etc.)",Probable Investor - Strong prospect
LYTLE CAPITAL PARTNERS LLC,2,0,,,partnership,True,True,False,False,small,True,"['621 E MEHRING WY', '621 E MEHRING WY']",1.0,63,tier_2,"Partnership (likely investor); Small portfolio (2 properties); 80%+ properties are absentee-owned; Name contains investor keywords (Properties, Holdings, etc.)",Probable Investor - Strong prospect
KRESSEL PROPERTIES LLC,2,0,,,llc,True,True,False,False,small,True,"['980 DELHI AVE', '4032 HEYWARD ST']",1.0,67,tier_2,"LLC entity (high investor probability); Small portfolio (2 properties); 80%+ properties are absentee-owned; Name contains investor keywords (Properties, Holdings, etc.)",Probable Investor - Strong prospect
LINWOOD REAL ESTATE HOLDINGS LLC,2,0,,,llc,True,True,False,False,small,True,"['LINWOOD AVE', '3152 LINWOOD AVE']",1.0,67,tier_2,"LLC entity (high investor probability); Small portfolio (2 properties); 80%+ properties are absentee-owned; Name contains investor keywords (Properties, Holdings, etc.)",Probable Investor - Strong prospect
KRELLER CONSULTING GROUP INC THE,2,0,,,corporation,True,True,False,False,small,True,"['817 3 MAIN ST', '817 7 MAIN ST']",1.0,64,tier_2,"Corporation (likely investor); Small portfolio (2 properties); 80%+ properties are absentee-owned; Name contains investor keywords (Properties, Holdings, etc.)",Probable Investor - Strong prospect
LINWOOD RENTAL PROPERTIES LLC,2,0,,,llc,True,True,False,False,small,True,"['2976 LINWOOD AVE', '2972 LINWOOD AVE']",1.0,67,tier_2,"LLC entity (high investor probability); Small portfolio (2 properties); 80%+ properties are absentee-owned; Name contains investor keywords (Properties, Holdings, etc.)",Probable Investor - Strong prospect
MASON INVESTMENTS LTD PARTNERSHIP,2,0,,,partnership,True,True,False,False,small,True,"['9227 MONTGOMERY RD', 'MONTGOMERY RD']",1.0,63,tier_2,"Partnership (likely investor); Small portfolio (2 properties); 80%+ properties are absentee-owned; Name contains investor keywords (Properties, Holdings, etc.)",Probable Investor - Strong prospect
LIP PROPERTIES LLC,2,0,,,llc,True,True,False,False,small,True,"['8096 JORDAN RD', '1618 ADAMS RD']",1.0,67,tier_2,"LLC entity (high investor probability); Small portfolio (2 properties); 80%+ properties are absentee-owned; Name contains investor keywords (Properties, Holdings, etc.)",Probable Investor - Strong prospect
LIONS RENTAL PROPERTIES LLC,2,0,,,llc,True,True,False,False,small,True,"['879 HANSON DR', '960 GALSWORTHY CT']",1.0,67,tier_2,"LLC entity (high investor probability); Small portfolio (2 properties); 80%+ properties are absentee-owned; Name contains investor keywords (Properties, Holdings, etc.)",Probable Investor - Strong prospect
MASTERPIECE PROPERTIES REAL ESTATE LLC,2,0,,,llc,True,True,False,False,small,True,"['6143 KENNEDY AVE', '6577 PLAINFIELD RD']",1.0,67,tier_2,"LLC entity (high investor probability); Small portfolio (2 properties); 80%+ properties are absentee-owned; Name contains investor keywords (Properties, Holdings, etc.)",Probable Investor - Strong prospect
GARRISON INVESTMENTS 2 LLC,2,0,,,llc,True,True,False,False,small,True,"['2908 LIBRA LN', '2911 KINGMAN DR']",1.0,67,tier_2,"LLC entity (high investor probability); Small portfolio (2 properties); 80%+ properties are absentee-owned; Name contains investor keywords (Properties, Holdings, etc.)",Probable Investor - Strong prospect
GASLIGHT PROPERTY REALTY LLC,2,0,,,llc,True,True,False,False,small,True,"['310 TERRACE AVE', '500 LAFAYETTE AVE']",1.0,67,tier_2,"LLC entity (high investor probability); Small portfolio (2 properties); 80%+ properties are absentee-owned; Name contains investor keywords (Properties, Holdings, etc.)",Probable Investor - Strong prospect
LINCOLN & WOODLAWN INVESTMENTS LLC,2,0,,,llc,True,True,False,False,small,True,"['4553 PADDOCK RD', '4553 PADDOCK RD']",1.0,67,tier_2,"LLC entity (high investor probability); Small portfolio (2 properties); 80%+ properties are absentee-owned; Name contains investor keywords (Properties, Holdings, etc.)",Probable Investor - Strong prospect
LINCINNATI REALTY LLC,2,0,,,llc,True,True,False,False,small,True,"['516 LINN ST', '516 LINN ST']",1.0,67,tier_2,"LLC entity (high investor probability); Small portfolio (2 properties); 80%+ properties are absentee-owned; Name contains investor keywords (Properties, Holdings, etc.)",Probable Investor - Strong prospect
GARDEN PARK REAL ESTATE HOLDINGS LLC,2,0,,,llc,True,True,False,False,small,True,"['3544 WASHINGTON AVE', 'VAN ANTWERP PL']",1.0,67,tier_2,"LLC entity (high investor probability); Small portfolio (2 properties); 80%+ properties are absentee-owned; Name contains investor keywords (Properties, Holdings, etc.)",Probable Investor - Strong prospect
GARCO INVESTMENTS LLC,2,0,,,llc,True,True,False,False,small,True,"['6501 CORNELL RD', '6502 CORNELL RD']",1.0,67,tier_2,"LLC entity (high investor probability); Small portfolio (2 properties); 80%+ properties are absentee-owned; Name contains investor keywords (Properties, Holdings, etc.)",Probable Investor - Strong prospect
GAZELLE GROUP LLC,2,0,,,llc,True,True,False,False,small,True,"['3939 SECTION RD', '5108 SILVER ST']",1.0,67,tier_2,"LLC entity (high investor probability); Small portfolio (2 properties); 80%+ properties are absentee-owned; Name contains investor keywords (Properties, Holdings, etc.)",Probable Investor - Strong prospect
HEADLANDS ALTERNATIVE INVESTMENTS LP,2,0,,,partnership,True,True,False,False,small,True,"['3065 KERPER AVE', '922 ROSEMONT AVE']",1.0,63,tier_2,"Partnership (likely investor); Small portfolio (2 properties); 80%+ properties are absentee-owned; Name contains investor keywords (Properties, Holdings, etc.)",Probable Investor - Strong prospect
MB REAL ESTATE LLC,2,0,,,llc,True,True,False,False,small,True,"['11515 ROCKFIELD CT', '3161 ROCKFIELD CT']",1.0,67,tier_2,"LLC entity (high investor probability); Small portfolio (2 properties); 80%+ properties are absentee-owned; Name contains investor keywords (Properties, Holdings, etc.)",Probable Investor - Strong prospect
GATELOT HOLDINGS LLC,2,0,,,llc,True,True,False,False,small,True,"['2200 2606 VICTORY PW', '2200 VICTORY PW']",1.0,67,tier_2,"LLC entity (high investor probability); Small portfolio (2 properties); 80%+ properties are absentee-owned; Name contains investor keywords (Properties, Holdings, etc.)",Probable Investor - Strong prospect
GAT PROPERTIES LLC,2,0,,,llc,True,True,False,False,small,True,"['5790 BRIDGETOWN RD', '5774 BRIDGETOWN RD']",1.0,67,tier_2,"LLC entity (high investor probability); Small portfolio (2 properties); 80%+ properties are absentee-owned; Name contains investor keywords (Properties, Holdings, etc.)",Probable Investor - Strong prospect
MBG PROPERTIES LLC,2,0,,,llc,True,True,False,False,small,True,"['10709 OXFORD RD', 'NEW HAVEN RD']",1.0,67,tier_2,"LLC entity (high investor probability); Small portfolio (2 properties); 80%+ properties are absentee-owned; Name contains investor keywords (Properties, Holdings, etc.)",Probable Investor - Strong prospect
GATEWOOD RENTALS LLC,2,0,,,llc,True,True,False,False,small,True,"['3921 E GATEWOOD LN', '3915 E GATEWOOD LN']",1.0,67,tier_2,"LLC entity (high investor probability); Small portfolio (2 properties); 80%+ properties are absentee-owned; Name contains investor keywords (Properties, Holdings, etc.)",Probable Investor - Strong prospect
LKJ VENTURES LLC,2,0,,,llc,True,True,False,False,small,True,"['BEECHMONT AVE', '7969 BEECHMONT AVE']",1.0,67,tier_2,"LLC entity (high investor probability); Small portfolio (2 properties); 80%+ properties are absentee-owned; Name contains investor keywords (Properties, Holdings, etc.)",Probable Investor - Strong prospect
MARKU IV PROPERTIES LLC,2,0,,,llc,True,True,False,False,small,True,"['6401 COFFEY ST', '6405 COFFEY ST']",1.0,67,tier_2,"LLC entity (high investor probability); Small portfolio (2 properties); 80%+ properties are absentee-owned; Name contains investor keywords (Properties, Holdings, etc.)",Probable Investor - Strong prospect
LMJ 865 PROPERTIES LLC,2,0,,,llc,True,True,False,False,small,True,"['2356 GLADSTONE AVE', '865 ROCKDALE AVE']",1.0,67,tier_2,"LLC entity (high investor probability); Small portfolio (2 properties); 80%+ properties are absentee-owned; Name contains investor keywords (Properties, Holdings, etc.)",Probable Investor - Strong prospect
LMHP INVESTMENTS LLC,2,0,,,llc,True,True,False,False,small,True,"['725 MT HOPE AVE', '5998 WINNETKA DR']",1.0,67,tier_2,"LLC entity (high investor probability); Small portfolio (2 properties); 80%+ properties are absentee-owned; Name contains investor keywords (Properties, Holdings, etc.)",Probable Investor - Strong prospect
LMNOP PROPERTIES LLC,2,0,,,llc,True,True,False,False,small,True,"['1810 QUEEN CITY AVE', '1808 QUEEN CITY AVE']",1.0,67,tier_2,"LLC entity (high investor probability); Small portfolio (2 properties); 80%+ properties are absentee-owned; Name contains investor keywords (Properties, Holdings, etc.)",Probable Investor - Strong prospect
HERITAGE REALTY MANAGEMENT GROUP LLC,2,0,,,llc,True,True,False,False,small,True,"['1549 22 MEREDITH DR', '1933 ROOSEVELT AVE']",1.0,67,tier_2,"LLC entity (high investor probability); Small portfolio (2 properties); 80%+ properties are absentee-owned; Name contains investor keywords (Properties, Holdings, etc.)",Probable Investor - Strong prospect
MARSAM REAL ESTATE LLC,2,0,,,llc,True,True,False,False,small,True,"['3778 GROVEDALE PL', '3741 MIDDLEBROOK AVE']",1.0,67,tier_2,"LLC entity (high investor probability); Small portfolio (2 properties); 80%+ properties are absentee-owned; Name contains investor keywords (Properties, Holdings, etc.)",Probable Investor - Strong prospect
MANYA PROPERTIES LLC,2,0,,,llc,True,True,False,False,small,True,"['3406 WARSAW AVE', '8061 HAMILTON AVE']",1.0,67,tier_2,"LLC entity (high investor probability); Small portfolio (2 properties); 80%+ properties are absentee-owned; Name contains investor keywords (Properties, Holdings, etc.)",Probable Investor - Strong prospect
MAPLELEAF PROPERTIES LLC,2,0,,,llc,True,True,False,False,small,True,"['3231 GILBERT AVE', '3233 GILBERT AVE']",1.0,67,tier_2,"LLC entity (high investor probability); Small portfolio (2 properties); 80%+ properties are absentee-owned; Name contains investor keywords (Properties, Holdings, etc.)",Probable Investor - Strong prospect
MARCUM PROPERTIES LLC,2,0,,,llc,True,True,False,False,small,True,"['4910 EASTERN AVE', '5724 LESTER RD']",1.0,67,tier_2,"LLC entity (high investor probability); Small portfolio (2 properties); 80%+ properties are absentee-owned; Name contains investor keywords (Properties, Holdings, etc.)",Probable Investor - Strong prospect
KOSURU HOLDINGS LLC,2,0,,,llc,True,True,False,False,small,True,"['9464 PIPPIN RD', '9529 ADAMS RD']",1.0,67,tier_2,"LLC entity (high investor probability); Small portfolio (2 properties); 80%+ properties are absentee-owned; Name contains investor keywords (Properties, Holdings, etc.)",Probable Investor - Strong prospect
MARGO INVESTMENTS LLC,2,0,,,llc,True,True,False,False,small,True,"['390 D GRAND AVE', '5968 BRIDGETOWN RD']",1.0,67,tier_2,"LLC entity (high investor probability); Small portfolio (2 properties); 80%+ properties are absentee-owned; Name contains investor keywords (Properties, Holdings, etc.)",Probable Investor - Strong prospect
MARIAS QUALITY HOMES LLC,2,0,,,llc,True,True,False,False,small,True,"['2850 ALLVIEW CR', '3207 STANHOPE AVE']",1.0,67,tier_2,"LLC entity (high investor probability); Small portfolio (2 properties); 80%+ properties are absentee-owned; Name contains investor keywords (Properties, Holdings, etc.)",Probable Investor - Strong prospect
HERALD HOMES INC,2,0,,,corporation,True,True,False,False,small,True,"['ROSE LN', 'GRANDIN AVE']",1.0,64,tier_2,"Corporation (likely investor); Small portfolio (2 properties); 80%+ properties are absentee-owned; Name contains investor keywords (Properties, Holdings, etc.)",Probable Investor - Strong prospect
MARY ANN INVESTMENTS LLC,2,0,,,llc,True,True,False,False,small,True,"['5694 FOLCHI DR', '413 SHEPHERD AVE']",1.0,67,tier_2,"LLC entity (high investor probability); Small portfolio (2 properties); 80%+ properties are absentee-owned; Name contains investor keywords (Properties, Holdings, etc.)",Probable Investor - Strong prospect
LIS INVESTMENTS LLC,2,0,,,llc,True,True,False,False,small,True,"['6926 MAIN ST', '6926 MAIN ST']",1.0,67,tier_2,"LLC entity (high investor probability); Small portfolio (2 properties); 80%+ properties are absentee-owned; Name contains investor keywords (Properties, Holdings, etc.)",Probable Investor - Strong prospect
MARTINI REALTY LLC,2,0,,,llc,True,True,False,False,small,True,"['3785 FELDKAMP AVE', '3785 FELDKAMP AVE']",1.0,67,tier_2,"LLC entity (high investor probability); Small portfolio (2 properties); 80%+ properties are absentee-owned; Name contains investor keywords (Properties, Holdings, etc.)",Probable Investor - Strong prospect
MARVIN AVENUE HOLDINGS LLC,2,0,,,llc,True,True,False,False,small,True,"['MARVIN AVE', 'MARVIN AVE']",1.0,67,tier_2,"LLC entity (high investor probability); Small portfolio (2 properties); 80%+ properties are absentee-owned; Name contains investor keywords (Properties, Holdings, etc.)",Probable Investor - Strong prospect
ANNIE PROPERTIES LLC,2,273030,3385 CREEK RDCINCINNATI OH 45241,ANNIE PROPERTIES LLC 3385 CREEK RDCINCINNATI OH 45241,llc,True,True,False,False,small,True,"['62 E CLIFTON AVE', '831 CONSIDINE AVE']",1.0,67,tier_2,"LLC entity (high investor probability); Small portfolio (2 properties); 80%+ properties are absentee-owned; Name contains investor keywords (Properties, Holdings, etc.)",Probable Investor - Strong prospect
BEES KNEES REALTY LLC,2,303590,11729 SYMMES VALLEY DRLOVELAND OH 45140,LERETA LLC 901 CORPORATE CENTER DRPOMONA CA 91768,llc,True,True,False,False,small,True,"['4752 FEHR RD', '1157 FASHION AVE']",1.0,67,tier_2,"LLC entity (high investor probability); Small portfolio (2 properties); 80%+ properties are absentee-owned; Name contains investor keywords (Properties, Holdings, etc.)",Probable Investor - Strong prospect
BEN PROPERTIES III LLC,2,528880,P O BOX 19762CINCINNATI OH 45219,BEN PROPERTIES III LLC P O BOX 19762CINCINNATI OH 45219,llc,True,True,False,False,small,True,"['230 EMMING ST', '211 LORAINE AVE']",1.0,67,tier_2,"LLC entity (high investor probability); Small portfolio (2 properties); 80%+ properties are absentee-owned; Name contains investor keywords (Properties, Holdings, etc.)",Probable Investor - Strong prospect
BEN PROPERTIES HOLDING LLC,2,464410,3322 BISHOP STCINCINNATI OH 45220,BEN PROPERTIES HOLDING LLC 3322 BISHOP STCINCINNATI OH 45220,llc,True,True,False,False,small,True,"['2358 WHEELER ST', '2352 WHEELER ST']",1.0,67,tier_2,"LLC entity (high investor probability); Small portfolio (2 properties); 80%+ properties are absentee-owned; Name contains investor keywords (Properties, Holdings, etc.)",Probable Investor - Strong prospect
SYMPHONY INVESTMENTS LLC,2,0,,,llc,True,True,False,False,small,True,"['3207 MOZART AVE', '3205 MOZART AVE']",1.0,67,tier_2,"LLC entity (high investor probability); Small portfolio (2 properties); 80%+ properties are absentee-owned; Name contains investor keywords (Properties, Holdings, etc.)",Probable Investor - Strong prospect
SWEENEY AUTOMOTIVE PROPERTIES INC,2,0,,,corporation,True,True,False,False,small,True,"['95 W KEMPER RD', '85 W KEMPER RD']",1.0,64,tier_2,"Corporation (likely investor); Small portfolio (2 properties); 80%+ properties are absentee-owned; Name contains investor keywords (Properties, Holdings, etc.)",Probable Investor - Strong prospect
PETERSON INVESTMENT PROPERTIES LLC,2,0,,,llc,True,True,False,False,small,True,"['10169 CHESTER RD', 'CHESTER RD']",1.0,67,tier_2,"LLC entity (high investor probability); Small portfolio (2 properties); 80%+ properties are absentee-owned; Name contains investor keywords (Properties, Holdings, etc.)",Probable Investor - Strong prospect
PERRINO PROPERTIES LLC,2,0,,,llc,True,True,False,False,small,True,"['5163 WOOSTER PK', '5159 WOOSTER PK']",1.0,67,tier_2,"LLC entity (high investor probability); Small portfolio (2 properties); 80%+ properties are absentee-owned; Name contains investor keywords (Properties, Holdings, etc.)",Probable Investor - Strong prospect
BELLE EPOQUE PROPERTIES LLC,2,106860,4319 HAIGHTCINCINNATI OH 45223,BELLE EPOQUE PROPERTIES LLC 4319 HAIGHTCINCINNATI OH 45223,llc,True,True,False,False,small,True,"['5300 100 HAMILTON AVE', '5300 705 HAMILTON AVE']",1.0,67,tier_2,"LLC entity (high investor probability); Small portfolio (2 properties); 80%+ properties are absentee-owned; Name contains investor keywords (Properties, Holdings, etc.)",Probable Investor - Strong prospect
ANGELSHARE PROPERTY COMPANY LLC,2,402000,7236 LONGFIELD DRCINCINNATI OH 45243,COTALITY ATTN: TAX DEPARTMENT 3001 HACKBERRY RDIRVING TX 750630156,corporation,True,True,False,False,small,True,"['3940 RUTH LN', '3574 MARYDELL PL']",1.0,64,tier_2,"Corporation (likely investor); Small portfolio (2 properties); 80%+ properties are absentee-owned; Name contains investor keywords (Properties, Holdings, etc.)",Probable Investor - Strong prospect
TEKO LAND GROUP LLC,2,0,,,llc,True,True,False,False,small,True,"['VERNON AVE', '2108 MCKINLEY AVE']",1.0,67,tier_2,"LLC entity (high investor probability); Small portfolio (2 properties); 80%+ properties are absentee-owned; Name contains investor keywords (Properties, Holdings, etc.)",Probable Investor - Strong prospect
PEONY PROPERTIES LLC,2,0,,,llc,True,True,False,False,small,True,"['3398 MILLS', 'LAWRENCEBURG RD']",1.0,67,tier_2,"LLC entity (high investor probability); Small portfolio (2 properties); 80%+ properties are absentee-owned; Name contains investor keywords (Properties, Holdings, etc.)",Probable Investor - Strong prospect
PIQUA PROPERTY HOLDINGS LLC,2,0,,,llc,True,True,False,False,small,True,"['620 STRAIGHT ST', '618 STRAIGHT ST']",1.0,67,tier_2,"LLC entity (high investor probability); Small portfolio (2 properties); 80%+ properties are absentee-owned; Name contains investor keywords (Properties, Holdings, etc.)",Probable Investor - Strong prospect
PENTAPARTNER PROPERTIES LLC,2,0,,,llc,True,True,False,False,small,True,"['1924 PORTMAN AVE', '5823 MONFORT HILLS AVE']",1.0,67,tier_2,"LLC entity (high investor probability); Small portfolio (2 properties); 80%+ properties are absentee-owned; Name contains investor keywords (Properties, Holdings, etc.)",Probable Investor - Strong prospect
BERNS PROPERTIES WEST LLC,2,1719430,3451 SHERBROOKE DRCINCINNATI OH 45241,BERNS PROPERTIES WEST LLC 3451 SHERBROOKE DRCINCINNATI OH 45241,llc,True,True,False,False,small,True,"['11115 ASHBURN RD', '11115 ASHBURN RD']",1.0,67,tier_2,"LLC entity (high investor probability); Small portfolio (2 properties); 80%+ properties are absentee-owned; Name contains investor keywords (Properties, Holdings, etc.)",Probable Investor - Strong prospect
PENTE REALTY LIMITED PARTNERSHIP,2,0,,,partnership,True,True,False,False,small,True,"['9541 FLICK RD', '5444 NORTH BEND RD']",1.0,63,tier_2,"Partnership (likely investor); Small portfolio (2 properties); 80%+ properties are absentee-owned; Name contains investor keywords (Properties, Holdings, etc.)",Probable Investor - Strong prospect
ABOVE ALL INVESTMENTS LLC,2,313950,5559 SILVERPOINT DRCINCINNATI OH 45247,COTALITY ATTN: TAX DEPARTMENT 3001 HACKBERRY RDIRVING TX 750630156,llc,True,True,False,False,small,True,"['5118 READING RD', '2396 CHOPIN DR']",1.0,67,tier_2,"LLC entity (high investor probability); Small portfolio (2 properties); 80%+ properties are absentee-owned; Name contains investor keywords (Properties, Holdings, etc.)",Probable Investor - Strong prospect
BELLEVUE RENTALS LLC,2,414980,3525 BIDDLE STCINCINNATI OH 45220,COTALITY ATTN: TAX DEPARTMENT 3001 HACKBERRY RDIRVING TX 750630156,llc,True,True,False,False,small,True,"['2636 BELLEVUE AVE', '2638 BELLEVUE AVE']",1.0,67,tier_2,"LLC entity (high investor probability); Small portfolio (2 properties); 80%+ properties are absentee-owned; Name contains investor keywords (Properties, Holdings, etc.)",Probable Investor - Strong prospect
PKB REAL ESTATE LLC,2,0,,,llc,True,True,False,False,small,True,"['5217 RHODE ISLAND AVE', '4952 HEUWERTH AVE']",1.0,67,tier_2,"LLC entity (high investor probability); Small portfolio (2 properties); 80%+ properties are absentee-owned; Name contains investor keywords (Properties, Holdings, etc.)",Probable Investor - Strong prospect
PINTAIL GROUP LLC,2,0,,,llc,True,True,False,False,small,True,"['6934 WINDING WY', '817 MAPLE DR']",1.0,67,tier_2,"LLC entity (high investor probability); Small portfolio (2 properties); 80%+ properties are absentee-owned; Name contains investor keywords (Properties, Holdings, etc.)",Probable Investor - Strong prospect
SYCAMORE TREE PROPERTIES 3734 EAST AVENUE LLC,2,0,,,llc,True,True,False,False,small,True,"['3726 EASTERN AVE', '3734 EASTERN AVE']",1.0,67,tier_2,"LLC entity (high investor probability); Small portfolio (2 properties); 80%+ properties are absentee-owned; Name contains investor keywords (Properties, Holdings, etc.)",Probable Investor - Strong prospect
PML INVESTMENT REAL ESTATE LLC,2,0,,,llc,True,True,False,False,small,True,"['2620 MORROW PL', '5291 CLEVES WARSAW PK']",1.0,67,tier_2,"LLC entity (high investor probability); Small portfolio (2 properties); 80%+ properties are absentee-owned; Name contains investor keywords (Properties, Holdings, etc.)",Probable Investor - Strong prospect
ANTHEM PROPERTY GROUP LLC,2,274610,P O BOX 253C/O USPSMAINEVILLE OH 45039,COTALITY ATTN: TAX DEPARTMENT 3001 HACKBERRY RDIRVING TX 750630156,llc,True,True,False,False,small,True,"['1083 W KEMPER RD', '5119 SILVER ST']",1.0,67,tier_2,"LLC entity (high investor probability); Small portfolio (2 properties); 80%+ properties are absentee-owned; Name contains investor keywords (Properties, Holdings, etc.)",Probable Investor - Strong prospect
TERRIFIC HOMES LLC,2,0,,,llc,True,True,False,False,small,True,"['5115 MT ALVERNO RD', '3540 LOCUST LN']",1.0,67,tier_2,"LLC entity (high investor probability); Small portfolio (2 properties); 80%+ properties are absentee-owned; Name contains investor keywords (Properties, Holdings, etc.)",Probable Investor - Strong prospect
PICKET FENCE INVESTMENTS LLC,2,0,,,llc,True,True,False,False,small,True,"['5618 BRAMBLE AVE', '2556 DUCK CREEK RD']",1.0,67,tier_2,"LLC entity (high investor probability); Small portfolio (2 properties); 80%+ properties are absentee-owned; Name contains investor keywords (Properties, Holdings, etc.)",Probable Investor - Strong prospect
BEEKMAN PROPERTY MANAGEMENT INC,2,79920,3217 BEEKMAN STCINCINNATI OH 45225,BEEKMAN PROPERTY MNGMNT INC 8081 MILL CREEK CIRWEST CHESTER OH 45069,corporation,True,True,False,False,small,True,"['3217 BEEKMAN ST', '3221 BEEKMAN ST']",1.0,64,tier_2,"Corporation (likely investor); Small portfolio (2 properties); 80%+ properties are absentee-owned; Name contains investor keywords (Properties, Holdings, etc.)",Probable Investor - Strong prospect
BEEKMAN STREET PROPERTIES LLC,2,373630,6549 SIMON DRCINCINNATI OH 45233,BEEKMAN STREET PROPERTIES LLC 6549 SIMON DRCINCINNATI OH 45233,llc,True,True,False,False,small,True,"['BEEKMAN ST', '3200 BEEKMAN ST']",1.0,67,tier_2,"LLC entity (high investor probability); Small portfolio (2 properties); 80%+ properties are absentee-owned; Name contains investor keywords (Properties, Holdings, etc.)",Probable Investor - Strong prospect
AMBERACRES PROPERTIES NORTH LLC,2,708530,7042 MERLIN WAYHAMILTON OH 45011,AMBERACRES PROPERTIES NORTH LLC 7042 MERLIN WAYHAMILTON OH 45011,llc,True,True,False,False,small,True,"['3566 AMBERACRES DR', '3566 10 AMBERACRES DR']",1.0,67,tier_2,"LLC entity (high investor probability); Small portfolio (2 properties); 80%+ properties are absentee-owned; Name contains investor keywords (Properties, Holdings, etc.)",Probable Investor - Strong prospect
BERRY FAMILY PROPERTIES LLC,2,201400,341 LAFAYETTE AVECINCINNATI OH 45220,BERRY FAMILY PROPERTIES LLC 341 LAFAYETTE AVECINCINNATI OH 45220,llc,True,True,False,False,small,True,"['6200 COLERAIN AVE', '6200 COLERAIN AVE']",1.0,67,tier_2,"LLC entity (high investor probability); Small portfolio (2 properties); 80%+ properties are absentee-owned; Name contains investor keywords (Properties, Holdings, etc.)",Probable Investor - Strong prospect
PERNICCI PROPERTIES LLC,2,0,,,llc,True,True,False,False,small,True,"['4531 COOPER RD', '4558 EDWARD AVE']",1.0,67,tier_2,"LLC entity (high investor probability); Small portfolio (2 properties); 80%+ properties are absentee-owned; Name contains investor keywords (Properties, Holdings, etc.)",Probable Investor - Strong prospect
BEE PROPERTIES INC,2,159840,3700 ROUNDBOTTOM RDCINCINNATI OH 45244,BEE PROPERTIES INC 3700 ROUNDBOTTOM RDCINCINNATI OH 45244,corporation,True,True,False,False,small,True,"['ROUND BOTTOM RD', '3819 VIEW ST']",1.0,64,tier_2,"Corporation (likely investor); Small portfolio (2 properties); 80%+ properties are absentee-owned; Name contains investor keywords (Properties, Holdings, etc.)",Probable Investor - Strong prospect
BEARTON INVESTMENTS INC,2,356800,7064 W ARACOMA DRCINCINNATI OH 45237,COTALITY ATTN: TAX DEPARTMENT 3001 HACKBERRY RDIRVING TX 750630156,corporation,True,True,False,False,small,True,"['3465 RUTHER AVE', '6812 CAMBRIDGE AVE']",1.0,64,tier_2,"Corporation (likely investor); Small portfolio (2 properties); 80%+ properties are absentee-owned; Name contains investor keywords (Properties, Holdings, etc.)",Probable Investor - Strong prospect
TERPSTRA INVESTMENT LLC,2,0,,,llc,True,True,False,False,small,True,"['2039 YOAST AVE', '2041 YOAST AVE']",1.0,67,tier_2,"LLC entity (high investor probability); Small portfolio (2 properties); 80%+ properties are absentee-owned; Name contains investor keywords (Properties, Holdings, etc.)",Probable Investor - Strong prospect
TERRY COMMERCIAL INVESTMENTS LLC,2,0,,,llc,True,True,False,False,small,True,"['40 DE CAMP AVE', '14 DE CAMP AVE']",1.0,67,tier_2,"LLC entity (high investor probability); Small portfolio (2 properties); 80%+ properties are absentee-owned; Name contains investor keywords (Properties, Holdings, etc.)",Probable Investor - Strong prospect
ANB INVESTMENTS LLC,2,420880,5031 W EASTWOOD CRCINCINNATI OH 45227,COTALITY ATTN: TAX DEPARTMENT 3001 HACKBERRY RDIRVING TX 750630156,llc,True,True,False,False,small,True,"['6841 PARK AVE', '4303 REDMONT AVE']",1.0,67,tier_2,"LLC entity (high investor probability); Small portfolio (2 properties); 80%+ properties are absentee-owned; Name contains investor keywords (Properties, Holdings, etc.)",Probable Investor - Strong prospect
ANZ PROPERTIES LLC,2,45620,330 WILLOWBROOK LNCINCINNATI OH 45215,ANZ PROPERTIES LLC 330 WILLOWBROOK LNCINCINNATI OH 45215,llc,True,True,False,False,small,True,"['3438 BEAUMONT PL', '3438 BEAUMONT PL']",1.0,67,tier_2,"LLC entity (high investor probability); Small portfolio (2 properties); 80%+ properties are absentee-owned; Name contains investor keywords (Properties, Holdings, etc.)",Probable Investor - Strong prospect
PI REALTY LLC,2,0,,,llc,True,True,False,False,small,True,"['1045 CENTRAL AVE', '13 MENTOR AVE']",1.0,67,tier_2,"LLC entity (high investor probability); Small portfolio (2 properties); 80%+ properties are absentee-owned; Name contains investor keywords (Properties, Holdings, etc.)",Probable Investor - Strong prospect
BENES INVESTMENTS LLC,2,884610,2975 OLD OXFORD RDHAMILTON OH 45013,BENES INVESTMENTS LLC 2975 OLD OXFORD RDHAMILTON OH 45013,llc,True,True,False,False,small,True,"['2310-12 E SHARON RD', '2310 E SHARON RD']",1.0,67,tier_2,"LLC entity (high investor probability); Small portfolio (2 properties); 80%+ properties are absentee-owned; Name contains investor keywords (Properties, Holdings, etc.)",Probable Investor - Strong prospect
BEACON HOUSE LLC,2,988820,PO BOX 54391CINCINNATI OH 45254,BEACON HOUSE LLC PO BOX 54391CINCINNATI OH 45254,llc,True,False,True,False,small,True,"['1724 BEACON ST', '1722 BEACON ST']",1.0,63,tier_2,LLC entity (high investor probability); Small portfolio (2 properties); 80%+ properties are absentee-owned; PO Box address,Probable Investor - Strong prospect
ANNAS HOMES LLC,2,396070,P O BOX 58146CINCINNATI OH 45258,GUARDIAN SAVINGS BANK ATTN ESCROW DEPARTMENT2774 BLUE ROCK RDCINCINNATI OH 452396333 (Questions? 946-4800 or,llc,True,True,False,False,small,True,"['4153 HARRISON AVE', '3747 ST MARTINS PL']",1.0,67,tier_2,"LLC entity (high investor probability); Small portfolio (2 properties); 80%+ properties are absentee-owned; Name contains investor keywords (Properties, Holdings, etc.)",Probable Investor - Strong prospect
BERYL TRAIL PROPERTY MANAGEMENT LLC,2,264000,3189 PRINCETON RDBOX 298HAMILTON OH 45011,BERYL TRAIL PROPERTY MANAGEMENT LLC 3189 PRINCETON RDBOX 298HAMILTON OH 45011,llc,True,True,False,False,small,True,"['558 PROSPECT PL', '2390 HARRISON AVE']",1.0,67,tier_2,"LLC entity (high investor probability); Small portfolio (2 properties); 80%+ properties are absentee-owned; Name contains investor keywords (Properties, Holdings, etc.)",Probable Investor - Strong prospect
BEL RUE CREST LLC,2,481720,PO BOX 30360CINCINNATI OH 45230,BEL RUE CREST LLC PO BOX 30360CINCINNATI OH 45230,llc,True,False,True,False,small,True,"['3985 RACE RD', '5520 CLEARVIEW AVE']",1.0,63,tier_2,LLC entity (high investor probability); Small portfolio (2 properties); 80%+ properties are absentee-owned; PO Box address,Probable Investor - Strong prospect
AMIRI INVESTMENTS LLC,2,96580,3429 EVANSTON AVECINCINNATI OH 45207,AMIRI INVESTMENTS LLC 3429 EVANSTON AVECINCINNATI OH 45207,llc,True,True,False,False,small,True,"['1983 FAIRFAX AVE', '1714 FAIRFAX AVE']",1.0,67,tier_2,"LLC entity (high investor probability); Small portfolio (2 properties); 80%+ properties are absentee-owned; Name contains investor keywords (Properties, Holdings, etc.)",Probable Investor - Strong prospect
TEMAR PROPERTIES LLC,2,0,,,llc,True,True,False,False,small,True,"['5521 MONTGOMERY RD', '5521 MONTGOMERY RD']",1.0,67,tier_2,"LLC entity (high investor probability); Small portfolio (2 properties); 80%+ properties are absentee-owned; Name contains investor keywords (Properties, Holdings, etc.)",Probable Investor - Strong prospect
TCT REAL ESTATE INVESTMENTS LLC,2,0,,,llc,True,True,False,False,small,True,"['PLAINFIELD RD', '6923 PLAINFIELD RD']",1.0,67,tier_2,"LLC entity (high investor probability); Small portfolio (2 properties); 80%+ properties are absentee-owned; Name contains investor keywords (Properties, Holdings, etc.)",Probable Investor - Strong prospect
TELEGRAPH HILL HOLDINGS LLC,2,0,,,llc,True,True,False,False,small,True,"['6931 GOLDENGATE DR', 'GOLDENGATE DR']",1.0,67,tier_2,"LLC entity (high investor probability); Small portfolio (2 properties); 80%+ properties are absentee-owned; Name contains investor keywords (Properties, Holdings, etc.)",Probable Investor - Strong prospect
BELCO PROPERTIES AND EQUIPMENT LTD,2,166440,11240 GOSLING RDCINCINNATI OH 45251,BELCO PROPERTIES AND EQUIPMENT LTD 11240 GOSLING RDCINCINNATI OH 45251,partnership,True,True,False,False,small,True,"['3243 REGAL LN', 'HAMILTON AVE']",1.0,63,tier_2,"Partnership (likely investor); Small portfolio (2 properties); 80%+ properties are absentee-owned; Name contains investor keywords (Properties, Holdings, etc.)",Probable Investor - Strong prospect
BELCO PROPERTIES & EQUIPMENT LTD,2,18040,11240 GOSLING RDCINCINNATI OH 45252,BELCO PROPERTIES & EQUIPMENT LTD 11240 GOSLING RDCINCINNATI OH 45252,partnership,True,True,False,False,small,True,"['COLERAIN AVE', 'COLERAIN AVE']",1.0,63,tier_2,"Partnership (likely investor); Small portfolio (2 properties); 80%+ properties are absentee-owned; Name contains investor keywords (Properties, Holdings, etc.)",Probable Investor - Strong prospect
PLATINUM PAR INVESTMENTS LLC,2,0,,,llc,True,True,False,False,small,True,"['2630 EUCLID AVE', '1231 LAIDLAW AVE']",1.0,67,tier_2,"LLC entity (high investor probability); Small portfolio (2 properties); 80%+ properties are absentee-owned; Name contains investor keywords (Properties, Holdings, etc.)",Probable Investor - Strong prospect
ANGIE PROPERTIES LLC,2,238230,1725 GILSEY AVECINCINNATI OH 45205,ANGIE PROPERTIES LLC 5036 SIDNEY RDCINCINNATI OH 45238,llc,True,True,False,False,small,True,"['5036 SIDNEY RD', '575 GREENWELL AVE']",1.0,67,tier_2,"LLC entity (high investor probability); Small portfolio (2 properties); 80%+ properties are absentee-owned; Name contains investor keywords (Properties, Holdings, etc.)",Probable Investor - Strong prospect
TEPE & TEPE PROPERTIES LLC,2,0,,,llc,True,True,False,False,small,True,"['12009 TRAMWAY DR', 'TRAMWAY DR']",1.0,67,tier_2,"LLC entity (high investor probability); Small portfolio (2 properties); 80%+ properties are absentee-owned; Name contains investor keywords (Properties, Holdings, etc.)",Probable Investor - Strong prospect
ANGIA PROPERTY MANAGEMENT LLC,2,237440,5242 CRIMSON GLORY PLMASON OH 45040,COTALITY ATTN: TAX DEPARTMENT 3001 HACKBERRY RDIRVING TX 750630156,llc,True,True,False,False,small,True,"['2376 FLORA ST', '2336 FLORA ST']",1.0,67,tier_2,"LLC entity (high investor probability); Small portfolio (2 properties); 80%+ properties are absentee-owned; Name contains investor keywords (Properties, Holdings, etc.)",Probable Investor - Strong prospect
PENOCHE PROPERTIES LLC,2,0,,,llc,True,True,False,False,small,True,"['1728 JOHN ST', '1718 JOHN ST']",1.0,67,tier_2,"LLC entity (high investor probability); Small portfolio (2 properties); 80%+ properties are absentee-owned; Name contains investor keywords (Properties, Holdings, etc.)",Probable Investor - Strong prospect
AMG GROUP INC,2,263540,220 CARRINGTON PLACE #310CINCINNATI OH 45249,AMG GROUP INC 220 CARRINGTON PLACE #310CINCINNATI OH 45249,corporation,True,True,False,False,small,True,"['220 310 CARRINGTON PL', '130 103 CARRINGTON PL']",1.0,64,tier_2,"Corporation (likely investor); Small portfolio (2 properties); 80%+ properties are absentee-owned; Name contains investor keywords (Properties, Holdings, etc.)",Probable Investor - Strong prospect
TELL PROPERTY DEVELOPMENT LLC,2,0,,,llc,True,True,False,False,small,True,"['READING RD', '814 CLEVELAND AVE']",1.0,67,tier_2,"LLC entity (high investor probability); Small portfolio (2 properties); 80%+ properties are absentee-owned; Name contains investor keywords (Properties, Holdings, etc.)",Probable Investor - Strong prospect
ABSOLUTE INVESTMENT LLC,2,333240,5556 OAKVISTA DRCINCINNATI OH 45227,ABSOLUTE INVESTMENT LLC 5556 OAKVISTA DRCINCINNATI OH 45227,llc,True,True,False,False,small,True,"['5023 KENWOOD RD', '4832 STEWART AVE']",1.0,67,tier_2,"LLC entity (high investor probability); Small portfolio (2 properties); 80%+ properties are absentee-owned; Name contains investor keywords (Properties, Holdings, etc.)",Probable Investor - Strong prospect
ANIMAL HOUSE RENTALS LLC,2,75240,P O BOX 33082CINCINNATI OH 45233,ANIMAL HOUSE RENTALS LLC P O BOX 33082CINCINNATI OH 45233,llc,True,True,False,False,small,True,"['2 LOWLAND RD', 'LOWLAND RD']",1.0,67,tier_2,"LLC entity (high investor probability); Small portfolio (2 properties); 80%+ properties are absentee-owned; Name contains investor keywords (Properties, Holdings, etc.)",Probable Investor - Strong prospect
TCD 238 AIM PROPERTY LLC,2,0,,,llc,True,True,False,False,small,True,"['4750 LAKE FOREST DR', '4650 LAKE FOREST DR']",1.0,67,tier_2,"LLC entity (high investor probability); Small portfolio (2 properties); 80%+ properties are absentee-owned; Name contains investor keywords (Properties, Holdings, etc.)",Probable Investor - Strong prospect
